id,first_name,last_name,email,gender,ip_address,department,address
1,Gabriela,Pole,gpole0@si.edu,Male,188.173.71.254,Business Development,56 Lawn Crossing
2,Huntlee,Prose,hprose1@cbc.ca,Genderfluid,173.175.102.184,Research and Development,5 Twin Pines Street
3,Mose,Sandilands,msandilands2@lycos.com,Male,93.17.253.79,Training,49983 Meadow Valley Junction
4,Agretha,Tythacott,atythacott3@nymag.com,Male,250.215.78.51,Research and Development,611 Iowa Plaza
5,Rafferty,Ketteridge,rketteridge4@barnesandnoble.com,Polygender,245.212.236.235,Engineering,7510 Thompson Crossing
6,Nat,Howgill,nhowgill5@unc.edu,Bigender,33.169.114.236,Marketing,544 Mosinee Trail
7,Dennet,Postlewhite,dpostlewhite6@wunderground.com,Polygender,26.61.70.224,Marketing,1270 Summer Ridge Plaza
8,Amelina,Nockalls,anockalls7@w3.org,Polygender,178.14.37.241,Services,7 American Ash Parkway
9,Tiffanie,Casajuana,tcasajuana8@com.com,Female,203.48.207.126,Services,977 David Hill
10,Arleta,Gowlett,agowlett9@com.com,Genderqueer,123.247.242.182,Training,87 Milwaukee Pass
11,Bret,Baxstare,bbaxstarea@upenn.edu,Male,71.208.130.91,Engineering,42539 Melrose Drive
12,Pepillo,Coltart,pcoltartb@jigsy.com,Agender,90.199.176.34,Sales,03 Golf Course Plaza
13,Adella,Millgate,amillgatec@washington.edu,Genderfluid,123.106.38.130,Human Resources,53 Randy Lane
14,Somerset,O'Hoey,sohoeyd@twitpic.com,Bigender,47.242.65.84,Training,0509 Birchwood Way
15,Myrna,Swanborough,mswanboroughe@hud.gov,Female,135.165.71.187,Sales,252 Manley Point
16,Helyn,D'Avaux,hdavauxf@flavors.me,Polygender,26.215.131.23,Support,386 Raven Parkway
17,Gweneth,Kleiser,gkleiserg@seattletimes.com,Polygender,97.62.65.19,Product Management,656 Vermont Crossing
18,Nikos,Antonnikov,nantonnikovh@comcast.net,Female,64.139.47.215,Support,18419 Eastwood Alley
19,Violette,Jellman,vjellmani@redcross.org,Bigender,109.242.228.250,Support,59 Atwood Avenue
20,Sylvester,Dmiterko,sdmiterkoj@oracle.com,Bigender,8.190.112.136,Engineering,3 Fieldstone Alley
21,Konstantine,Parrington,kparringtonk@chronoengine.com,Genderfluid,160.242.135.141,Human Resources,079 Scott Center
22,Craggie,Bollon,cbollonl@list-manage.com,Female,62.100.218.109,Legal,8 Cherokee Park
23,Anna-maria,Phythean,aphytheanm@odnoklassniki.ru,Genderfluid,211.194.9.186,Training,048 Hovde Way
24,Yvette,Bunson,ybunsonn@blog.com,Polygender,226.36.1.148,Engineering,184 3rd Road
25,Ludwig,Timbs,ltimbso@hubpages.com,Genderfluid,69.143.212.151,Business Development,33025 Service Hill
26,Sasha,Garretts,sgarrettsp@liveinternet.ru,Female,232.70.112.184,Legal,165 Amoth Way
27,Sada,Efford,seffordq@ezinearticles.com,Agender,179.143.77.85,Research and Development,28281 Judy Place
28,Petrina,Bummfrey,pbummfreyr@google.ru,Agender,7.128.124.107,Product Management,258 5th Terrace
29,Philis,Patria,ppatrias@berkeley.edu,Male,155.92.233.33,Human Resources,43127 Straubel Alley
30,Emelen,Mardell,emardellt@ft.com,Polygender,186.184.22.164,Sales,0548 Pine View Place
31,Andrus,Le Cornu,alecornuu@cyberchimps.com,Agender,35.50.136.211,Accounting,568 Ryan Hill
32,Alexandro,Arter,aarterv@yandex.ru,Female,51.92.65.56,Accounting,72687 Fremont Lane
33,Roberta,Tavener,rtavenerw@networksolutions.com,Agender,34.70.2.63,Accounting,46585 Parkside Alley
34,Galven,Crain,gcrainx@purevolume.com,Genderqueer,218.224.57.249,Business Development,8 Raven Lane
35,Gerhardine,Ballantyne,gballantyney@dedecms.com,Genderqueer,143.57.215.226,Support,2 Elgar Place
36,Silvio,Harses,sharsesz@eventbrite.com,Genderqueer,222.71.64.131,Business Development,872 Golden Leaf Parkway
37,Del,Winser,dwinser10@soup.io,Genderqueer,206.185.122.191,Services,61 Loftsgordon Street
38,Alberik,Tabrett,atabrett11@umich.edu,Genderfluid,3.8.86.210,Product Management,691 Dixon Court
39,Suzette,Nekrews,snekrews12@123-reg.co.uk,Genderqueer,149.214.137.16,Research and Development,251 Milwaukee Hill
40,Barth,Stredder,bstredder13@flavors.me,Male,29.7.233.100,Services,0 La Follette Terrace
41,Osmond,Ubach,oubach14@soundcloud.com,Female,137.228.211.49,Sales,791 Pennsylvania Court
42,Sid,Bon,sbon15@cbc.ca,Polygender,204.159.239.160,Legal,7608 Cody Pass
43,Joshuah,Redding,jredding16@telegraph.co.uk,Polygender,18.174.106.41,Services,6089 Schlimgen Place
44,Northrup,Rabson,nrabson17@wp.com,Bigender,113.129.15.160,Training,9 Green Pass
45,Ingrid,Beeke,ibeeke18@bloomberg.com,Non-binary,209.108.133.217,Research and Development,85661 Hanson Circle
46,Cybil,Beard,cbeard19@amazon.de,Genderqueer,164.5.113.81,Engineering,4 Duke Avenue
47,Ruthanne,Cullinane,rcullinane1a@washington.edu,Bigender,80.239.166.41,Human Resources,8 Lotheville Street
48,Janith,Perico,jperico1b@archive.org,Genderfluid,228.115.161.255,Engineering,506 Gale Court
49,Wilie,Girdler,wgirdler1c@nps.gov,Agender,26.172.247.77,Engineering,1 Towne Circle
50,Tommy,Ranscomb,transcomb1d@sogou.com,Genderfluid,63.214.192.215,Product Management,28296 Rockefeller Center
51,Arel,Burwell,aburwell1e@nyu.edu,Agender,147.127.6.144,Support,03 Bobwhite Point
52,Sigrid,Pursglove,spursglove1f@wired.com,Polygender,54.210.110.220,Training,10 Pine View Plaza
53,Aloisia,Osborne,aosborne1g@imgur.com,Polygender,193.85.197.55,Engineering,394 Melody Trail
54,Bobine,Hatfield,bhatfield1h@bloomberg.com,Agender,10.10.238.54,Sales,02 Acker Crossing
55,Mallorie,McLleese,mmclleese1i@gizmodo.com,Male,109.210.26.94,Accounting,49 Boyd Court
56,Marlow,Yukhin,myukhin1j@aboutads.info,Genderqueer,88.38.155.106,Sales,48 Bowman Drive
57,Arlina,Grimsdyke,agrimsdyke1k@tamu.edu,Female,231.22.36.107,Legal,33507 Chinook Point
58,Doe,Corriea,dcorriea1l@princeton.edu,Genderqueer,46.37.64.39,Research and Development,6 Pearson Trail
59,Velvet,Halward,vhalward1m@yandex.ru,Genderfluid,91.239.141.187,Research and Development,057 Menomonie Road
60,Lynna,Morigan,lmorigan1n@cargocollective.com,Bigender,123.40.100.225,Human Resources,5381 Hoard Place
61,Meridith,Jeanesson,mjeanesson1o@google.it,Agender,233.121.195.146,Human Resources,992 Nancy Center
62,Marguerite,Thorsby,mthorsby1p@ihg.com,Male,181.5.27.50,Sales,199 Heath Junction
63,Humbert,Schule,hschule1q@ameblo.jp,Non-binary,140.26.30.225,Sales,0 Rieder Trail
64,Bren,Seamon,bseamon1r@gmpg.org,Male,193.35.2.77,Accounting,1 Grover Crossing
65,Mikael,Jollye,mjollye1s@edublogs.org,Genderfluid,61.249.81.161,Legal,39944 Armistice Hill
66,Melita,Godwyn,mgodwyn1t@japanpost.jp,Male,77.98.93.50,Support,6 Havey Lane
67,Vin,Burlay,vburlay1u@prlog.org,Non-binary,223.48.171.71,Accounting,9226 Novick Point
68,Loni,Angier,langier1v@blogger.com,Genderqueer,159.226.82.127,Accounting,6 Stang Alley
69,Gawain,Mateo,gmateo1w@taobao.com,Genderqueer,138.181.160.233,Product Management,09559 Crownhardt Lane
70,Madella,Yarnall,myarnall1x@gizmodo.com,Female,13.226.2.196,Research and Development,8214 Prairieview Drive
71,Ulrika,Dansey,udansey1y@ft.com,Male,17.116.102.178,Research and Development,88 Cambridge Drive
72,Cybill,Skeleton,cskeleton1z@umich.edu,Polygender,62.204.255.24,Marketing,74317 Mayer Pass
73,Cory,Waitland,cwaitland20@hexun.com,Genderfluid,143.254.206.10,Accounting,0 Village Parkway
74,Pyotr,Burriss,pburriss21@alexa.com,Male,18.150.44.63,Engineering,274 Bartillon Avenue
75,Padgett,Kruger,pkruger22@bbc.co.uk,Agender,151.183.164.38,Business Development,6 Magdeline Street
76,Neils,Desporte,ndesporte23@webeden.co.uk,Female,165.38.71.168,Business Development,19583 Grover Terrace
77,Correna,Durn,cdurn24@cam.ac.uk,Male,46.177.102.184,Research and Development,55 Heffernan Point
78,Ransell,Dungay,rdungay25@sohu.com,Bigender,155.173.247.194,Accounting,3 Swallow Lane
79,Eveline,Rubenov,erubenov26@surveymonkey.com,Bigender,125.76.170.95,Human Resources,89074 Westport Terrace
80,Crista,Hatchman,chatchman27@amazonaws.com,Genderqueer,198.97.76.159,Research and Development,90912 Oakridge Court
81,Eduard,Campagne,ecampagne28@youtube.com,Genderfluid,32.209.42.63,Training,3 8th Park
82,Allin,Sammes,asammes29@yale.edu,Polygender,221.218.41.83,Support,1 Monument Center
83,Tyson,Morfey,tmorfey2a@berkeley.edu,Non-binary,250.206.192.154,Training,05459 Shopko Lane
84,Tiebout,Pinnocke,tpinnocke2b@weather.com,Polygender,139.201.255.100,Human Resources,9299 Pepper Wood Parkway
85,Rasia,Smalman,rsmalman2c@meetup.com,Female,150.40.142.205,Sales,2 Banding Road
86,Em,Colbeck,ecolbeck2d@shutterfly.com,Genderfluid,135.55.197.246,Product Management,121 Green Ridge Junction
87,Sherlocke,Olsson,solsson2e@gravatar.com,Polygender,240.10.175.220,Training,881 Division Alley
88,Minnnie,Burrows,mburrows2f@topsy.com,Polygender,164.89.143.141,Marketing,82986 Moulton Avenue
89,Debee,Satterfitt,dsatterfitt2g@ustream.tv,Genderfluid,44.249.109.133,Training,530 Buhler Parkway
90,Roseann,MacGowan,rmacgowan2h@businessweek.com,Agender,103.148.103.132,Legal,71145 Sunnyside Alley
91,Cass,Blaydon,cblaydon2i@macromedia.com,Male,230.68.76.30,Research and Development,3889 Anderson Place
92,Tiffanie,Rigmond,trigmond2j@hp.com,Genderqueer,122.100.121.194,Services,95200 Amoth Way
93,Bertha,Pipping,bpipping2k@wordpress.com,Genderfluid,101.134.196.229,Training,96 Jana Parkway
94,Abbye,Bembrick,abembrick2l@sfgate.com,Bigender,48.242.71.63,Legal,81127 Onsgard Street
95,Claudina,Olliar,colliar2m@marketwatch.com,Male,80.250.132.218,Engineering,54 Farmco Place
96,Henry,Mattusevich,hmattusevich2n@intel.com,Polygender,76.85.26.53,Business Development,7598 Hoffman Park
97,Sharon,Elder,selder2o@pinterest.com,Polygender,224.86.168.36,Research and Development,62 Fair Oaks Park
98,Carol,Hartas,chartas2p@opera.com,Agender,45.0.43.140,Engineering,08939 Clarendon Point
99,Windham,Pinor,wpinor2q@google.cn,Bigender,167.255.175.182,Training,0415 Melvin Avenue
100,Camala,Dionisi,cdionisi2r@china.com.cn,Female,6.230.184.210,Product Management,438 Ridge Oak Park
101,Neville,Merington,nmerington2s@free.fr,Polygender,79.135.243.93,Business Development,779 Laurel Court
102,Kathy,Frisby,kfrisby2t@admin.ch,Genderfluid,50.44.179.248,Services,46 Northland Trail
103,Adler,Bassill,abassill2u@topsy.com,Non-binary,72.254.158.80,Research and Development,8 3rd Way
104,Anna-diana,Train,atrain2v@meetup.com,Male,80.46.141.96,Marketing,8 Vidon Street
105,Lothaire,Siddle,lsiddle2w@newyorker.com,Non-binary,142.66.234.86,Human Resources,4429 Charing Cross Lane
106,Laural,Olyet,lolyet2x@microsoft.com,Polygender,33.91.42.96,Research and Development,0245 Stang Park
107,Eleen,Dowey,edowey2y@weather.com,Agender,101.202.200.83,Training,7169 Center Crossing
108,Beverly,Pennigar,bpennigar2z@businesswire.com,Genderqueer,170.184.107.89,Support,685 Summit Street
109,Selestina,Petrovsky,spetrovsky30@rakuten.co.jp,Female,79.25.24.218,Support,09267 Pine View Drive
110,Bibi,Outibridge,boutibridge31@hhs.gov,Polygender,23.174.8.50,Engineering,39319 Bay Terrace
111,Brunhilda,Harrinson,bharrinson32@mit.edu,Male,106.3.159.108,Services,7852 Carpenter Parkway
112,Lambert,Antyshev,lantyshev33@ameblo.jp,Non-binary,155.155.238.249,Product Management,5113 Hermina Point
113,Katuscha,Pickring,kpickring34@upenn.edu,Polygender,164.40.247.107,Training,13949 Division Park
114,Carroll,Eblein,ceblein35@posterous.com,Female,98.226.89.211,Sales,795 Dwight Park
115,Fionna,Abramamov,fabramamov36@cdc.gov,Genderqueer,237.25.252.172,Human Resources,871 Parkside Avenue
116,Marlo,Solman,msolman37@deviantart.com,Non-binary,42.128.24.141,Accounting,4 Larry Trail
117,Ludovika,Jozefczak,ljozefczak38@china.com.cn,Non-binary,113.85.26.39,Training,7 Cambridge Avenue
118,Perice,Procter,pprocter39@mapquest.com,Genderqueer,73.52.13.10,Support,1709 Dawn Court
119,Salomone,Farnworth,sfarnworth3a@alibaba.com,Polygender,99.138.142.31,Research and Development,7 Orin Parkway
120,Pansy,Sicily,psicily3b@omniture.com,Polygender,47.242.16.154,Training,8 Springs Point
121,Kati,Cettell,kcettell3c@livejournal.com,Polygender,145.172.151.92,Business Development,59 Drewry Avenue
122,Ardine,Pettifor,apettifor3d@nyu.edu,Bigender,112.75.111.2,Research and Development,85 Rigney Street
123,Shirleen,Vinau,svinau3e@npr.org,Genderqueer,72.124.149.253,Business Development,746 Lillian Crossing
124,Arabela,Kleinhaut,akleinhaut3f@wired.com,Polygender,210.59.57.226,Services,32539 Old Gate Court
125,Darrelle,Bugden,dbugden3g@fda.gov,Bigender,33.13.56.41,Marketing,84211 Brown Center
126,Ethelred,Weekly,eweekly3h@dropbox.com,Agender,193.9.233.6,Research and Development,6988 Vermont Parkway
127,Rosella,Dunstan,rdunstan3i@wikimedia.org,Genderqueer,134.20.152.245,Support,27474 Norway Maple Place
128,Rora,Clewarth,rclewarth3j@wsj.com,Male,25.192.255.70,Training,177 Mitchell Place
129,Reinold,Tift,rtift3k@squarespace.com,Female,97.119.220.235,Training,5270 Rigney Center
130,Belicia,Kenneway,bkenneway3l@ask.com,Bigender,42.168.179.191,Business Development,98069 Prentice Street
131,Danika,Rankcom,drankcom3m@cdbaby.com,Female,133.201.76.153,Research and Development,42448 Dexter Point
132,Catrina,Chidwick,cchidwick3n@sfgate.com,Polygender,50.7.193.88,Support,001 Coolidge Center
133,Tammara,Emsley,temsley3o@bing.com,Polygender,195.63.116.165,Research and Development,20122 Melrose Center
134,Tabby,Lamping,tlamping3p@boston.com,Female,160.143.113.182,Marketing,1079 Vahlen Way
135,Edmund,Collinson,ecollinson3q@apache.org,Polygender,173.50.1.170,Legal,512 Susan Point
136,Lara,June,ljune3r@marriott.com,Bigender,6.26.221.239,Support,02523 Heath Avenue
137,Dora,Arguile,darguile3s@berkeley.edu,Non-binary,95.43.85.24,Human Resources,4703 Anhalt Junction
138,Rab,Morris,rmorris3t@dot.gov,Male,138.208.209.240,Training,8 Sugar Center
139,Quintus,Vasilischev,qvasilischev3u@globo.com,Genderqueer,144.244.14.216,Research and Development,8 Westend Place
140,Polly,Fenney,pfenney3v@naver.com,Genderfluid,243.62.236.224,Legal,84 Twin Pines Pass
141,Merilyn,Gregoraci,mgregoraci3w@over-blog.com,Agender,151.93.147.1,Human Resources,56 Beilfuss Junction
142,Doro,Vinas,dvinas3x@usa.gov,Polygender,142.200.51.84,Services,7970 Rockefeller Junction
143,Oliy,McGilleghole,omcgilleghole3y@artisteer.com,Genderfluid,213.188.116.77,Product Management,5303 Kenwood Court
144,Tracy,Jankiewicz,tjankiewicz3z@wordpress.org,Polygender,210.135.66.32,Accounting,8 Myrtle Alley
145,Madonna,Dinesen,mdinesen40@psu.edu,Polygender,240.255.132.169,Engineering,8764 Crowley Parkway
146,Saunder,Agus,sagus41@histats.com,Female,150.169.251.62,Training,45777 Eliot Parkway
147,Eryn,Orum,eorum42@weebly.com,Bigender,214.245.67.203,Support,3148 Tony Way
148,Alli,Casero,acasero43@angelfire.com,Non-binary,98.215.118.207,Accounting,336 Old Gate Hill
149,Yvette,Stanway,ystanway44@arstechnica.com,Polygender,50.41.35.211,Services,714 Bayside Trail
150,Shane,Pencott,spencott45@hexun.com,Male,171.167.59.137,Marketing,510 Waxwing Crossing
151,Roxane,Happs,rhapps46@narod.ru,Polygender,196.186.152.220,Accounting,60 Chinook Junction
152,Skipton,Karlsen,skarlsen47@list-manage.com,Genderfluid,60.126.94.252,Support,51 Shasta Lane
153,Cristobal,Arents,carents48@soup.io,Agender,12.104.249.167,Sales,236 Grim Drive
154,Flore,Manie,fmanie49@redcross.org,Male,224.153.41.143,Legal,44 Macpherson Drive
155,Sergeant,Garriock,sgarriock4a@odnoklassniki.ru,Male,25.166.69.8,Support,3263 Gale Alley
156,Kipp,Doornbos,kdoornbos4b@dyndns.org,Female,104.122.108.215,Engineering,0519 Crownhardt Drive
157,Latrena,Knevet,lknevet4c@naver.com,Female,198.51.113.46,Training,50785 Everett Park
158,Beatriz,Cashford,bcashford4d@goo.ne.jp,Non-binary,34.225.114.26,Support,0130 Autumn Leaf Drive
159,Noni,Hannan,nhannan4e@google.com,Genderfluid,0.40.254.221,Legal,58590 Nova Way
160,Marleah,Itscowics,mitscowics4f@domainmarket.com,Female,50.134.135.4,Sales,2444 Oriole Parkway
161,Floyd,Yurevich,fyurevich4g@archive.org,Agender,64.100.88.110,Training,8 Becker Avenue
162,Dorothy,Mandell,dmandell4h@wp.com,Bigender,99.239.114.0,Product Management,65220 Goodland Way
163,Teodoro,Sarah,tsarah4i@comcast.net,Agender,52.109.73.183,Product Management,89 Kedzie Circle
164,Bard,Cumpton,bcumpton4j@telegraph.co.uk,Male,213.90.31.168,Business Development,30456 Pankratz Pass
165,Kurtis,Kiezler,kkiezler4k@upenn.edu,Female,146.94.94.180,Research and Development,34796 Macpherson Lane
166,Nat,Thurber,nthurber4l@prweb.com,Male,56.8.130.43,Legal,69 Stoughton Pass
167,Augustina,Catlin,acatlin4m@epa.gov,Male,113.177.121.133,Product Management,38 Paget Crossing
168,James,Dowyer,jdowyer4n@i2i.jp,Agender,184.178.27.43,Human Resources,62498 Moland Alley
169,Myrtie,Estcourt,mestcourt4o@quantcast.com,Agender,241.76.161.48,Training,43 Merchant Avenue
170,Lorna,Stoite,lstoite4p@ed.gov,Genderqueer,77.179.200.203,Support,703 Merchant Lane
171,Timothea,D'Emanuele,tdemanuele4q@moonfruit.com,Agender,142.32.254.136,Support,9 North Road
172,Maegan,Bloxholm,mbloxholm4r@discuz.net,Genderqueer,6.32.204.87,Sales,052 Rigney Drive
173,Gwenore,Everall,geverall4s@yolasite.com,Genderfluid,174.189.149.27,Engineering,6 Goodland Drive
174,Cindi,Yanin,cyanin4t@pcworld.com,Female,237.81.224.116,Engineering,13371 Briar Crest Alley
175,Giselle,Tavinor,gtavinor4u@odnoklassniki.ru,Female,126.7.115.30,Accounting,832 Twin Pines Place
176,Abba,Kelloch,akelloch4v@flickr.com,Bigender,46.148.182.175,Support,94 Arrowood Park
177,Fredra,Sandwich,fsandwich4w@squarespace.com,Polygender,178.78.192.197,Support,1898 Sunnyside Pass
178,Sheelah,Alenichicov,salenichicov4x@wordpress.com,Male,10.51.151.18,Services,230 Hallows Junction
179,Domeniga,Ollie,dollie4y@discovery.com,Male,96.40.143.67,Marketing,70824 Paget Court
180,Bronny,Middell,bmiddell4z@yale.edu,Bigender,115.10.229.232,Accounting,5 Thackeray Drive
181,Michel,Finley,mfinley50@microsoft.com,Non-binary,24.86.134.227,Engineering,4 Warbler Point
182,Tiffani,Cutchie,tcutchie51@csmonitor.com,Polygender,50.53.208.110,Support,61457 Briar Crest Street
183,Myrna,Cameron,mcameron52@etsy.com,Female,155.171.12.182,Human Resources,091 Anniversary Terrace
184,Kaylil,Catenot,kcatenot53@sakura.ne.jp,Bigender,14.219.254.46,Product Management,8 Superior Circle
185,Shandeigh,Bellew,sbellew54@wisc.edu,Female,97.194.135.126,Training,49 Bunker Hill Terrace
186,Jaymie,Ferencz,jferencz55@salon.com,Male,115.88.95.92,Training,6 Pawling Trail
187,Damara,Legat,dlegat56@angelfire.com,Female,185.169.153.165,Human Resources,091 Eastlawn Circle
188,Salomone,Marrows,smarrows57@1688.com,Bigender,73.17.140.62,Sales,63918 Forest Run Avenue
189,Kylynn,Abrahamian,kabrahamian58@sina.com.cn,Agender,241.100.138.16,Engineering,86 Summer Ridge Parkway
190,Geoffry,Winsiowiecki,gwinsiowiecki59@w3.org,Polygender,122.24.139.92,Legal,786 Daystar Park
191,Erinn,Freire,efreire5a@networkadvertising.org,Bigender,13.228.186.45,Human Resources,1 Mayfield Hill
192,Karita,Swinford,kswinford5b@npr.org,Male,165.225.46.169,Support,4 Brickson Park Pass
193,Dolph,Inman,dinman5c@chicagotribune.com,Bigender,55.248.178.50,Training,92 Nobel Junction
194,Janessa,Benneton,jbenneton5d@shareasale.com,Male,141.45.112.74,Training,89 Macpherson Crossing
195,Elle,Feldhuhn,efeldhuhn5e@360.cn,Non-binary,141.77.20.89,Human Resources,099 Declaration Lane
196,Lavinia,Necrews,lnecrews5f@answers.com,Polygender,69.0.37.19,Legal,67184 Hooker Avenue
197,Haley,Thorouggood,hthorouggood5g@stanford.edu,Genderqueer,215.78.234.137,Sales,76988 American Ash Point
198,Joline,Kareman,jkareman5h@slideshare.net,Non-binary,17.93.6.56,Product Management,725 Westridge Avenue
199,Urbain,Gisburne,ugisburne5i@smugmug.com,Non-binary,87.236.102.57,Services,65 Crest Line Road
200,Daniella,Leadley,dleadley5j@ycombinator.com,Female,158.126.59.18,Accounting,367 Donald Alley
201,Earvin,Renshaw,erenshaw5k@theatlantic.com,Polygender,117.180.205.222,Support,47 East Hill
202,Chickie,Clutterham,cclutterham5l@archive.org,Genderfluid,28.125.206.237,Training,66743 Dixon Park
203,Elka,Belamy,ebelamy5m@plala.or.jp,Agender,14.99.121.103,Research and Development,1 Northview Road
204,Court,Vurley,cvurley5n@tinyurl.com,Non-binary,48.225.156.102,Accounting,43 Golf View Pass
205,Jourdain,Abadam,jabadam5o@ehow.com,Non-binary,68.232.24.53,Marketing,64459 Boyd Terrace
206,Roobbie,Limerick,rlimerick5p@google.nl,Polygender,226.212.178.174,Legal,06992 Nobel Parkway
207,Seana,O'Lenechan,solenechan5q@ucla.edu,Agender,220.207.63.159,Sales,111 Sachs Street
208,Chiarra,Douberday,cdouberday5r@prweb.com,Polygender,13.97.195.175,Human Resources,18 Walton Avenue
209,Kelcy,Ionn,kionn5s@bandcamp.com,Genderfluid,184.244.205.167,Sales,61 John Wall Junction
210,Katie,Pyner,kpyner5t@bandcamp.com,Genderqueer,109.130.33.168,Training,80 Tomscot Point
211,Pandora,Serman,pserman5u@utexas.edu,Genderqueer,177.189.155.128,Business Development,7650 School Drive
212,Ginger,Huband,ghuband5v@businesswire.com,Female,36.106.51.142,Services,61551 Southridge Lane
213,Wilton,Swanbourne,wswanbourne5w@redcross.org,Male,48.92.47.58,Support,7037 Hagan Parkway
214,Marten,Blowen,mblowen5x@businessweek.com,Female,191.39.166.54,Legal,3017 Esch Hill
215,Harland,Fisbburne,hfisbburne5y@usnews.com,Male,240.23.217.182,Product Management,2 Kedzie Place
216,Hagen,Sigmund,hsigmund5z@wisc.edu,Non-binary,223.219.8.162,Business Development,7 Granby Place
217,Natasha,Luce,nluce60@army.mil,Polygender,213.237.231.33,Product Management,96 Bashford Court
218,Jedidiah,Fudge,jfudge61@nymag.com,Agender,165.7.79.32,Product Management,824 Bobwhite Lane
219,Udell,Burk,uburk62@forbes.com,Non-binary,248.17.79.132,Support,297 Farmco Street
220,Abdul,Colleford,acolleford63@umich.edu,Female,0.38.146.16,Business Development,76 Dexter Plaza
221,Hunter,Holyland,hholyland64@about.com,Male,43.89.88.8,Product Management,07169 Merchant Court
222,Ogdan,Bartels-Ellis,obartelsellis65@upenn.edu,Female,234.80.131.116,Engineering,19930 Warner Circle
223,Barton,Josovich,bjosovich66@e-recht24.de,Female,56.230.166.108,Research and Development,97 Katie Alley
224,Marquita,Lardier,mlardier67@wordpress.org,Non-binary,46.23.170.126,Sales,41 Rowland Park
225,Ker,Chilvers,kchilvers68@networksolutions.com,Male,125.39.70.46,Services,58762 Porter Lane
226,Sargent,Partlett,spartlett69@hc360.com,Bigender,241.176.27.232,Accounting,5575 Crest Line Drive
227,Jonie,Vaneschi,jvaneschi6a@paginegialle.it,Polygender,194.81.204.216,Services,00 Killdeer Drive
228,Herve,Madine,hmadine6b@symantec.com,Agender,9.210.30.66,Services,26 Bartillon Pass
229,Joana,Liggins,jliggins6c@cloudflare.com,Non-binary,8.160.138.59,Services,1 Fieldstone Court
230,Kenton,Billett,kbillett6d@fc2.com,Genderfluid,166.49.183.72,Marketing,5 Dottie Alley
231,Juditha,Christy,jchristy6e@reference.com,Polygender,79.255.134.38,Services,38 Bartelt Drive
232,Terrence,Inglish,tinglish6f@mediafire.com,Genderfluid,75.21.151.69,Services,81 Truax Circle
233,Yuri,Kollasch,ykollasch6g@hexun.com,Genderfluid,22.36.161.130,Engineering,78500 Kedzie Terrace
234,Heindrick,Attwood,hattwood6h@trellian.com,Male,87.125.225.228,Research and Development,3 Duke Terrace
235,Gweneth,Kinlock,gkinlock6i@reddit.com,Female,225.56.113.168,Legal,691 Dixon Way
236,Allyn,Britten,abritten6j@godaddy.com,Genderqueer,7.227.163.116,Legal,6 Reindahl Park
237,Deny,Keeton,dkeeton6k@tiny.cc,Genderqueer,94.141.192.24,Accounting,62526 Chinook Pass
238,Bettye,Chang,bchang6l@slashdot.org,Male,1.71.107.60,Marketing,3107 Union Point
239,Pat,Knight,pknight6m@hexun.com,Male,239.199.59.101,Services,3 Derek Terrace
240,Mohandis,Enderby,menderby6n@dion.ne.jp,Male,156.119.68.159,Product Management,31 Mosinee Point
241,Axel,Weinham,aweinham6o@businesswire.com,Genderfluid,3.186.123.145,Product Management,06195 Dorton Hill
242,Noella,Venditti,nvenditti6p@hubpages.com,Genderfluid,253.75.6.17,Human Resources,8 Corry Trail
243,Grange,Boullin,gboullin6q@tripadvisor.com,Agender,27.132.166.243,Training,12 Maywood Center
244,Leonanie,Gentle,lgentle6r@jiathis.com,Male,219.217.236.122,Marketing,9 Little Fleur Hill
245,Nikos,Cuttles,ncuttles6s@miitbeian.gov.cn,Agender,119.159.149.78,Training,7385 Golf Course Plaza
246,Davita,Malt,dmalt6t@zdnet.com,Male,239.83.40.217,Support,6690 Del Sol Terrace
247,Gottfried,Laing,glaing6u@51.la,Female,228.147.5.28,Marketing,881 Victoria Point
248,Rosene,Vautier,rvautier6v@bandcamp.com,Polygender,244.63.18.86,Support,40 Thackeray Alley
249,Bennett,Mulvany,bmulvany6w@domainmarket.com,Agender,118.182.52.158,Business Development,83 Shopko Road
250,Sheilakathryn,Bailey,sbailey6x@netlog.com,Female,77.174.79.240,Sales,1 Buell Center
251,Eunice,Grattan,egrattan6y@linkedin.com,Female,112.16.199.221,Sales,6163 Graedel Pass
252,Jillana,Oldknowe,joldknowe6z@sfgate.com,Female,219.97.221.229,Support,5693 Mccormick Alley
253,Bili,Titley,btitley70@blogs.com,Genderfluid,217.165.226.96,Engineering,76475 Eagan Junction
254,Marietta,Marages,mmarages71@narod.ru,Bigender,233.46.21.65,Legal,096 Moland Plaza
255,Jammal,Burg,jburg72@meetup.com,Genderqueer,173.86.178.3,Accounting,6 Ridgeview Hill
256,Caroljean,Keford,ckeford73@rediff.com,Bigender,196.171.136.32,Services,99 Pankratz Way
257,Bonnie,Skillman,bskillman74@i2i.jp,Genderqueer,146.3.190.221,Training,569 Dryden Lane
258,Denys,Vereker,dvereker75@istockphoto.com,Male,21.96.50.112,Training,5 Sunfield Terrace
259,Lucita,Prettyjohn,lprettyjohn76@nifty.com,Polygender,107.9.197.112,Sales,2169 Chinook Lane
260,Clarke,Bloodworth,cbloodworth77@google.co.jp,Bigender,2.18.59.102,Services,3 Thompson Junction
261,Westbrooke,Syalvester,wsyalvester78@netvibes.com,Polygender,19.63.115.132,Engineering,5308 Cottonwood Pass
262,Fritz,Feechan,ffeechan79@cocolog-nifty.com,Agender,133.152.121.222,Marketing,697 Corry Junction
263,Jacquie,Peye,jpeye7a@theatlantic.com,Polygender,117.16.120.136,Training,61 Walton Terrace
264,Ilse,Jaspar,ijaspar7b@yellowpages.com,Non-binary,167.72.29.98,Sales,843 Charing Cross Point
265,Mic,Brounsell,mbrounsell7c@ucla.edu,Bigender,166.234.141.52,Sales,9 Huxley Way
266,Jacynth,Deveril,jdeveril7d@furl.net,Genderqueer,19.129.3.113,Services,5 Killdeer Court
267,Bordy,Rubinowitz,brubinowitz7e@facebook.com,Male,100.115.129.17,Legal,3 Manufacturers Point
268,Redd,Rase,rrase7f@comsenz.com,Female,113.101.235.0,Business Development,6031 Harbort Terrace
269,Matt,Bleier,mbleier7g@go.com,Genderfluid,226.93.218.194,Human Resources,700 Maple Parkway
270,Godard,Jurzyk,gjurzyk7h@elegantthemes.com,Polygender,38.62.218.183,Accounting,84 Steensland Plaza
271,Marjie,Newlan,mnewlan7i@mysql.com,Genderqueer,221.232.230.6,Services,51960 Granby Way
272,Minta,Mance,mmance7j@flickr.com,Non-binary,121.210.237.184,Accounting,29 Kedzie Parkway
273,Chauncey,Farlham,cfarlham7k@webeden.co.uk,Female,129.141.189.36,Legal,0 Washington Court
274,Lilla,Keslake,lkeslake7l@buzzfeed.com,Bigender,18.167.206.32,Engineering,960 Manitowish Center
275,Klarrisa,Pedreschi,kpedreschi7m@indiegogo.com,Genderqueer,131.220.136.94,Human Resources,78 Beilfuss Crossing
276,Novelia,Gudge,ngudge7n@umn.edu,Female,73.162.230.68,Services,3 Amoth Drive
277,Jeannie,Tomeo,jtomeo7o@hc360.com,Female,117.27.114.156,Accounting,0 Summit Terrace
278,Grantley,Joiner,gjoiner7p@marketwatch.com,Agender,243.165.243.194,Engineering,73 Mitchell Pass
279,Leland,Codron,lcodron7q@ocn.ne.jp,Female,19.238.80.225,Sales,55 Susan Center
280,Charlie,Piner,cpiner7r@nytimes.com,Agender,92.123.69.122,Marketing,4 Delaware Court
281,Jany,Bridgewater,jbridgewater7s@techcrunch.com,Non-binary,5.150.16.72,Support,03415 Delladonna Pass
282,Tiebout,Mathivet,tmathivet7t@rambler.ru,Male,93.209.191.43,Product Management,33915 Vidon Street
283,Laughton,Yakobowitz,lyakobowitz7u@google.co.uk,Female,211.126.12.20,Training,238 Tennyson Terrace
284,Kailey,Neill,kneill7v@csmonitor.com,Genderqueer,213.10.53.230,Product Management,98227 Rutledge Lane
285,Ketty,Simonds,ksimonds7w@multiply.com,Genderfluid,143.154.72.89,Research and Development,73 Forest Park
286,Tab,Kyme,tkyme7x@patch.com,Polygender,183.105.94.81,Business Development,8 Kipling Plaza
287,Brantley,Forsbey,bforsbey7y@fc2.com,Bigender,28.74.58.39,Business Development,823 Parkside Parkway
288,Herta,Bullard,hbullard7z@ebay.com,Agender,42.196.62.174,Business Development,4202 Coolidge Park
289,Vilhelmina,Simonsson,vsimonsson80@chronoengine.com,Male,185.171.234.171,Support,46866 Waubesa Pass
290,Ashlen,Eltringham,aeltringham81@latimes.com,Bigender,141.238.27.151,Training,2 Harper Road
291,Elsinore,McNeilley,emcneilley82@gov.uk,Polygender,85.67.26.143,Business Development,64 Independence Court
292,Norbie,Bearns,nbearns83@macromedia.com,Genderfluid,52.156.174.5,Sales,400 Hanson Alley
293,Jacquie,Blaby,jblaby84@geocities.com,Female,32.121.145.7,Engineering,992 Lakeland Parkway
294,Doloritas,Pearse,dpearse85@fc2.com,Female,133.32.141.100,Services,072 Brown Parkway
295,Selle,Healings,shealings86@zimbio.com,Male,177.121.50.243,Engineering,98990 La Follette Alley
296,Lacee,Sooley,lsooley87@apple.com,Agender,177.214.122.152,Marketing,94147 Banding Court
297,Hamilton,Tideswell,htideswell88@nifty.com,Genderqueer,144.53.80.76,Product Management,17283 Manley Alley
298,Mike,Vasilischev,mvasilischev89@shop-pro.jp,Non-binary,253.39.154.58,Engineering,9 Sommers Hill
299,Janifer,Shearmer,jshearmer8a@jigsy.com,Polygender,145.213.113.149,Product Management,90899 Annamark Court
300,Cordi,Purvis,cpurvis8b@tripod.com,Genderfluid,225.242.199.154,Training,3 Katie Parkway
301,Torey,Eslie,teslie8c@g.co,Agender,240.234.210.106,Engineering,618 Gale Center
302,Heinrick,Ramsby,hramsby8d@disqus.com,Bigender,84.55.166.212,Business Development,5 Canary Circle
303,Demott,Daoust,ddaoust8e@ucoz.com,Bigender,17.21.4.255,Sales,219 Morning Way
304,Fabien,Binny,fbinny8f@goo.ne.jp,Genderqueer,47.98.196.97,Sales,705 Oneill Junction
305,Quent,Lennarde,qlennarde8g@shop-pro.jp,Agender,211.31.188.134,Support,72685 Elgar Alley
306,Gris,Dunkerly,gdunkerly8h@businessinsider.com,Agender,118.65.34.216,Services,3620 West Trail
307,Berkeley,Herion,bherion8i@shareasale.com,Agender,96.64.236.125,Training,063 Petterle Court
308,Carissa,Ellacott,cellacott8j@imageshack.us,Male,171.232.203.72,Product Management,51947 Kensington Terrace
309,Tarra,Greenmon,tgreenmon8k@facebook.com,Polygender,89.105.181.173,Sales,9 Brown Street
310,Raffaello,Wigfall,rwigfall8l@mtv.com,Bigender,243.142.8.79,Marketing,6103 Buell Circle
311,Ezra,Volke,evolke8m@sina.com.cn,Non-binary,152.4.114.195,Business Development,52 Algoma Court
312,Simon,Murkus,smurkus8n@about.me,Polygender,65.57.160.136,Human Resources,48941 New Castle Point
313,Alvira,Garron,agarron8o@ask.com,Genderfluid,34.39.212.195,Support,0458 Pearson Park
314,Germain,Pedrocchi,gpedrocchi8p@issuu.com,Genderfluid,58.184.137.152,Legal,63493 Hanson Plaza
315,Calvin,Fawckner,cfawckner8q@purevolume.com,Genderfluid,135.162.26.10,Sales,89 Arapahoe Pass
316,Cecil,Methuen,cmethuen8r@prweb.com,Non-binary,13.149.248.25,Product Management,4 Duke Avenue
317,Charin,Duffy,cduffy8s@hostgator.com,Non-binary,106.184.14.2,Services,906 Di Loreto Junction
318,Victoria,Donati,vdonati8t@foxnews.com,Female,107.232.88.59,Product Management,2 Welch Court
319,Lorne,Delmage,ldelmage8u@dmoz.org,Bigender,74.76.13.194,Marketing,86670 South Trail
320,Stevena,Liversidge,sliversidge8v@de.vu,Male,98.138.81.186,Research and Development,21 Haas Crossing
321,Lara,Royal,lroyal8w@hao123.com,Bigender,157.88.44.11,Training,43491 Spohn Plaza
322,Chevy,Lessmare,clessmare8x@howstuffworks.com,Agender,179.18.157.83,Human Resources,840 John Wall Park
323,Shane,Begg,sbegg8y@earthlink.net,Agender,232.25.138.47,Business Development,26057 Lake View Hill
324,Klaus,Laughtisse,klaughtisse8z@patch.com,Bigender,146.57.133.153,Engineering,6986 Packers Hill
325,Madeleine,Tomich,mtomich90@myspace.com,Male,254.218.221.153,Marketing,67 Londonderry Street
326,Padriac,Jachimak,pjachimak91@cdbaby.com,Agender,10.146.79.247,Sales,186 Jenifer Terrace
327,Victor,Wadlow,vwadlow92@multiply.com,Genderqueer,80.38.217.163,Business Development,904 Old Gate Lane
328,Ranna,Malafe,rmalafe93@walmart.com,Bigender,210.14.68.188,Business Development,3663 Pleasure Street
329,Jerrome,Ewers,jewers94@chronoengine.com,Agender,198.10.214.126,Research and Development,911 Stoughton Center
330,Theadora,Bonny,tbonny95@japanpost.jp,Agender,147.173.243.110,Support,400 Buena Vista Court
331,Lawrence,Caiger,lcaiger96@va.gov,Female,255.131.78.74,Human Resources,0463 Forest Way
332,Cherianne,Stanluck,cstanluck97@reuters.com,Genderfluid,157.142.248.233,Product Management,13679 Rockefeller Lane
333,Elyse,Cadell,ecadell98@ucoz.com,Non-binary,185.175.118.228,Sales,98 High Crossing Plaza
334,Dun,Voak,dvoak99@bloglines.com,Female,85.236.233.36,Human Resources,3 New Castle Pass
335,Adara,Doggart,adoggart9a@vkontakte.ru,Genderfluid,146.4.68.166,Product Management,4420 Almo Court
336,Lukas,MacAlpyne,lmacalpyne9b@about.me,Genderfluid,17.171.183.147,Business Development,4281 Algoma Place
337,Buckie,Marciek,bmarciek9c@nih.gov,Bigender,111.18.140.99,Marketing,0141 Sauthoff Crossing
338,Buiron,Rey,brey9d@domainmarket.com,Polygender,149.38.46.214,Sales,14283 Melvin Alley
339,Sephira,Ortell,sortell9e@domainmarket.com,Female,154.235.181.186,Sales,251 7th Road
340,Adara,Urion,aurion9f@weather.com,Polygender,88.244.8.119,Human Resources,37379 Welch Trail
341,Mariele,Stratford,mstratford9g@ucoz.ru,Non-binary,180.180.36.229,Engineering,6492 Coolidge Road
342,Marietta,Denty,mdenty9h@wunderground.com,Female,125.22.168.20,Business Development,8165 Sullivan Drive
343,Cyrillus,Westrope,cwestrope9i@disqus.com,Polygender,182.44.83.28,Product Management,1 Blaine Plaza
344,John,Pollendine,jpollendine9j@constantcontact.com,Agender,37.243.198.251,Support,905 Anderson Circle
345,Chrisy,Mapledoore,cmapledoore9k@webs.com,Female,153.159.215.12,Engineering,04 Gulseth Place
346,Kaleb,Papen,kpapen9l@phpbb.com,Non-binary,131.187.244.153,Marketing,06 Eastwood Junction
347,Kristo,Foster-Smith,kfostersmith9m@linkedin.com,Genderfluid,233.36.180.12,Marketing,1012 Hollow Ridge Way
348,Daphene,Shotbolt,dshotbolt9n@nba.com,Polygender,94.135.201.104,Research and Development,852 Kensington Crossing
349,Klarika,Hampshaw,khampshaw9o@printfriendly.com,Male,160.70.52.243,Research and Development,81 Fallview Drive
350,Loreen,Osipov,losipov9p@mit.edu,Polygender,60.206.209.99,Legal,6 Superior Hill
351,Callida,Bute,cbute9q@csmonitor.com,Bigender,233.146.114.105,Training,33601 Prentice Pass
352,Kiri,Dwyer,kdwyer9r@bluehost.com,Agender,150.46.226.198,Engineering,74791 Farragut Place
353,Zora,Marnes,zmarnes9s@odnoklassniki.ru,Agender,225.79.168.213,Human Resources,018 Summer Ridge Parkway
354,Neall,Pitfield,npitfield9t@reverbnation.com,Male,86.220.91.185,Legal,52 Kensington Plaza
355,Amelina,Grayne,agrayne9u@cam.ac.uk,Polygender,191.59.166.163,Business Development,1 Bluestem Alley
356,Jeralee,Ahlf,jahlf9v@unesco.org,Agender,39.243.101.83,Accounting,01 Grover Hill
357,Cathyleen,Carnegie,ccarnegie9w@cocolog-nifty.com,Polygender,159.84.188.122,Marketing,66 Eagle Crest Hill
358,Lucius,Zimmermanns,lzimmermanns9x@cyberchimps.com,Female,69.63.52.40,Research and Development,648 Debra Trail
359,Rogerio,Jeanneau,rjeanneau9y@guardian.co.uk,Agender,206.232.73.201,Support,66 Columbus Place
360,Charissa,De Castri,cdecastri9z@google.es,Bigender,80.207.11.75,Engineering,9199 Katie Street
361,Dannye,Georghiou,dgeorghioua0@mysql.com,Agender,19.85.172.243,Sales,768 Boyd Alley
362,Randell,De Moreno,rdemorenoa1@fastcompany.com,Male,142.209.110.184,Accounting,2 Coolidge Avenue
363,Patricia,Skurray,pskurraya2@reddit.com,Agender,69.93.109.36,Sales,79471 Rockefeller Pass
364,Lind,Solway,lsolwaya3@seattletimes.com,Male,243.41.159.201,Accounting,9847 2nd Center
365,Cyril,Torrans,ctorransa4@fotki.com,Agender,44.183.6.12,Sales,9 Raven Street
366,Gallard,Eykelbosch,geykelboscha5@gravatar.com,Genderqueer,3.184.196.31,Services,90188 Saint Paul Point
367,Isabel,Ginni,iginnia6@skype.com,Polygender,198.155.152.86,Legal,47200 Goodland Lane
368,Aldo,Dickerson,adickersona7@1und1.de,Genderfluid,84.142.97.42,Research and Development,2839 Warbler Parkway
369,Ula,Dearnly,udearnlya8@icq.com,Genderqueer,51.248.87.52,Sales,59 Porter Hill
370,Fergus,Bridewell,fbridewella9@google.ru,Bigender,125.158.62.127,Sales,2261 Talmadge Way
371,Lorne,Benedit,lbeneditaa@wix.com,Female,4.7.173.46,Support,32 Dottie Plaza
372,Ferdinande,Americi,famericiab@newyorker.com,Genderqueer,61.21.139.181,Product Management,04 Sullivan Court
373,Bea,Pascoe,bpascoeac@indiatimes.com,Non-binary,229.154.135.233,Engineering,7 Del Sol Trail
374,Arabelle,Puttergill,aputtergillad@census.gov,Female,33.199.177.63,Business Development,422 Mosinee Road
375,Rosalyn,Emlin,remlinae@businesswire.com,Non-binary,93.111.149.18,Human Resources,909 Marquette Street
376,Morganne,Emms,memmsaf@com.com,Non-binary,205.98.98.89,Accounting,32042 Reinke Drive
377,Ezra,Lapley,elapleyag@meetup.com,Female,152.139.1.204,Sales,91587 Dovetail Plaza
378,Lorenza,Faithfull,lfaithfullah@sun.com,Genderfluid,5.135.193.107,Product Management,542 Buhler Court
379,Web,Meade,wmeadeai@xinhuanet.com,Genderfluid,231.153.185.247,Training,76547 Cottonwood Hill
380,Loydie,MacAfee,lmacafeeaj@naver.com,Agender,97.176.94.25,Research and Development,257 Dapin Court
381,Ardelle,Tamblyn,atamblynak@hexun.com,Polygender,14.67.1.176,Services,1584 Merry Circle
382,Onfre,Abrahami,oabrahamial@moonfruit.com,Female,27.204.9.220,Engineering,256 Charing Cross Park
383,Ruthann,Dziwisz,rdziwiszam@photobucket.com,Bigender,106.178.174.136,Product Management,013 Sachs Drive
384,Nerissa,Egginson,negginsonan@yellowbook.com,Agender,65.232.6.106,Legal,3 Cordelia Way
385,Elroy,Ciccotti,eciccottiao@google.es,Genderqueer,19.15.116.219,Marketing,28 Green Ridge Circle
386,Dwain,Ganiford,dganifordap@reuters.com,Non-binary,32.0.85.124,Legal,518 Hoepker Way
387,Caye,Depport,cdepportaq@i2i.jp,Female,141.176.152.112,Product Management,9370 Miller Drive
388,Christan,Natt,cnattar@amazon.de,Polygender,164.252.47.38,Product Management,52 Sachs Pass
389,Dulcy,Flescher,dflescheras@joomla.org,Polygender,137.179.37.93,Training,82093 Farwell Street
390,Lynelle,Jacqueme,ljacquemeat@blinklist.com,Agender,69.180.219.215,Human Resources,7 Shoshone Drive
391,Pasquale,Meyrick,pmeyrickau@forbes.com,Genderqueer,163.97.189.27,Marketing,6 Merchant Park
392,Mirabel,Walewski,mwalewskiav@earthlink.net,Genderqueer,169.184.135.42,Product Management,3712 Saint Paul Way
393,Opal,Grealey,ogrealeyaw@squarespace.com,Non-binary,242.212.139.70,Support,06 Rusk Plaza
394,Clerc,Rubery,cruberyax@geocities.com,Agender,229.35.105.70,Services,55 Towne Park
395,Lucy,Menaul,lmenaulay@behance.net,Female,95.9.54.223,Accounting,12 Walton Place
396,Walton,Antoszewski,wantoszewskiaz@nationalgeographic.com,Male,216.149.41.184,Business Development,29 Farwell Street
397,Mersey,Woodland,mwoodlandb0@dot.gov,Non-binary,11.222.27.81,Accounting,7 Vermont Point
398,Maggee,Luckey,mluckeyb1@yahoo.com,Non-binary,23.85.147.201,Marketing,30 Lyons Terrace
399,Cynthia,Halms,chalmsb2@upenn.edu,Bigender,217.79.157.136,Human Resources,03 Toban Trail
400,Dinah,Straffon,dstraffonb3@arizona.edu,Genderqueer,142.137.31.30,Business Development,39 Main Hill
401,Dominique,Aslam,daslamb4@phoca.cz,Genderqueer,221.69.164.20,Accounting,7104 Luster Avenue
402,Otes,Hanaford,ohanafordb5@fda.gov,Non-binary,196.155.14.120,Services,45 Schmedeman Hill
403,Hermine,Harvison,hharvisonb6@fc2.com,Agender,228.190.221.170,Sales,8 Fieldstone Terrace
404,Laetitia,Capaldi,lcapaldib7@ebay.co.uk,Genderqueer,199.108.149.205,Research and Development,0 Summer Ridge Street
405,Gib,Yearnes,gyearnesb8@theatlantic.com,Bigender,189.251.95.36,Training,519 Darwin Crossing
406,Merrel,Betonia,mbetoniab9@cpanel.net,Genderfluid,30.113.111.49,Marketing,9 Warner Lane
407,Grace,Domenget,gdomengetba@jalbum.net,Genderfluid,206.62.128.192,Engineering,81 Stone Corner Parkway
408,Des,Breming,dbremingbb@mysql.com,Polygender,211.92.154.155,Services,05 Fairfield Terrace
409,Alyse,Blay,ablaybc@columbia.edu,Female,66.181.71.94,Research and Development,03 Esker Center
410,Mattie,Swanton,mswantonbd@webmd.com,Male,110.43.93.71,Product Management,0 Dennis Avenue
411,Zaneta,Carette,zcarettebe@goo.gl,Polygender,129.250.194.165,Training,40 Sullivan Avenue
412,Ephrayim,Killen,ekillenbf@scribd.com,Polygender,228.74.234.208,Business Development,84 Thierer Junction
413,Fiann,Rust,frustbg@i2i.jp,Bigender,9.34.253.230,Accounting,780 Longview Parkway
414,Marlon,Tremlett,mtremlettbh@bloglovin.com,Genderfluid,210.32.15.20,Engineering,7 Onsgard Parkway
415,Emilio,Archbold,earchboldbi@java.com,Genderfluid,111.133.117.112,Engineering,263 Pine View Court
416,Janna,Bellenger,jbellengerbj@yale.edu,Polygender,8.90.255.45,Training,7 Warrior Trail
417,Millisent,Harvison,mharvisonbk@bbb.org,Genderqueer,174.122.3.230,Services,58021 Sunnyside Drive
418,Onfre,Kores,okoresbl@printfriendly.com,Polygender,141.190.232.123,Product Management,853 Miller Alley
419,Erina,Baggarley,ebaggarleybm@vinaora.com,Female,13.140.42.109,Services,6197 Katie Drive
420,Tanny,Keble,tkeblebn@gravatar.com,Genderqueer,24.250.246.197,Human Resources,73380 Arrowood Road
421,Josey,Barme,jbarmebo@soup.io,Genderfluid,50.68.172.85,Marketing,739 Laurel Place
422,Hillel,Kinner,hkinnerbp@dyndns.org,Polygender,9.126.144.70,Support,20204 Oriole Park
423,Bradney,Dutchburn,bdutchburnbq@aboutads.info,Female,68.151.253.200,Product Management,12607 Hovde Circle
424,Alene,Pauwel,apauwelbr@github.com,Male,196.238.144.196,Services,52 Lillian Parkway
425,Llewellyn,Duquesnay,lduquesnaybs@globo.com,Non-binary,82.70.168.211,Research and Development,028 Arizona Alley
426,Markus,Gribble,mgribblebt@toplist.cz,Polygender,205.0.105.9,Training,384 Parkside Avenue
427,Cleavland,Suart,csuartbu@yandex.ru,Non-binary,189.169.80.80,Training,631 Corben Court
428,Lorie,Powton,lpowtonbv@skype.com,Agender,58.173.5.127,Accounting,9058 Nevada Junction
429,Meg,Maasze,mmaaszebw@symantec.com,Bigender,125.52.41.170,Human Resources,7 Bartillon Street
430,Kristina,Kas,kkasbx@house.gov,Bigender,31.164.23.146,Legal,42548 Cordelia Trail
431,Orville,Rutt,oruttby@home.pl,Agender,83.220.198.103,Training,1 Erie Place
432,Robert,Janway,rjanwaybz@wix.com,Genderfluid,106.4.60.204,Legal,5 Farwell Avenue
433,Hobey,Sharma,hsharmac0@newyorker.com,Female,241.227.154.9,Legal,9 Scott Crossing
434,Micah,Dashwood,mdashwoodc1@dmoz.org,Non-binary,118.122.24.40,Services,82 Arkansas Trail
435,Siouxie,Sarll,ssarllc2@cisco.com,Polygender,87.46.215.176,Legal,57 Columbus Terrace
436,Loralyn,Stockau,lstockauc3@intel.com,Bigender,36.251.98.51,Accounting,175 Florence Trail
437,Agretha,Madrell,amadrellc4@chron.com,Agender,41.62.112.227,Product Management,5438 Rusk Crossing
438,Orran,Sawford,osawfordc5@indiegogo.com,Female,135.213.12.85,Accounting,695 Hoard Pass
439,Ragnar,Fitchew,rfitchewc6@harvard.edu,Male,255.214.116.81,Human Resources,1 Bayside Pass
440,Billy,Corrett,bcorrettc7@ning.com,Bigender,126.219.12.232,Sales,629 Dwight Pass
441,Laird,Rapport,lrapportc8@1688.com,Non-binary,227.59.249.178,Human Resources,6435 Milwaukee Way
442,Joey,Savoury,jsavouryc9@va.gov,Male,10.32.146.235,Legal,9 Melody Drive
443,Vernen,Lorant,vlorantca@joomla.org,Agender,239.241.42.17,Research and Development,5 Southridge Parkway
444,Allie,Outram,aoutramcb@gnu.org,Bigender,150.53.183.47,Support,9621 Marcy Center
445,Wiley,Abramovici,wabramovicicc@desdev.cn,Non-binary,163.30.214.163,Sales,257 Farwell Hill
446,Twila,Ollivier,tolliviercd@state.gov,Genderqueer,46.244.23.14,Business Development,027 Warner Pass
447,Ryley,Gaiger,rgaigerce@creativecommons.org,Agender,1.127.132.236,Human Resources,203 Bobwhite Alley
448,Ethel,Lovel,elovelcf@salon.com,Genderqueer,129.183.207.15,Training,599 Garrison Hill
449,Maudie,Titley,mtitleycg@state.tx.us,Female,120.94.20.150,Accounting,22 Waywood Park
450,Kurtis,Strahan,kstrahanch@friendfeed.com,Male,145.198.14.64,Business Development,7 Village Way
451,Moses,Seymark,mseymarkci@wikia.com,Agender,144.147.10.39,Research and Development,8 Armistice Terrace
452,Brennen,Slyman,bslymancj@cdbaby.com,Polygender,154.36.134.146,Product Management,7882 Rockefeller Court
453,Corina,Gaukroger,cgaukrogerck@blogspot.com,Male,21.226.199.141,Legal,8 Westport Circle
454,Joelle,Curnow,jcurnowcl@disqus.com,Female,63.62.173.120,Training,32 Paget Terrace
455,Annnora,Orrum,aorrumcm@istockphoto.com,Male,2.131.196.200,Support,83 Anhalt Center
456,Base,Whellans,bwhellanscn@shop-pro.jp,Non-binary,245.105.228.169,Support,62 Schlimgen Plaza
457,Etti,Bentham3,ebenthamco@seesaa.net,Polygender,220.226.44.212,Training,9 Memorial Parkway
458,Sylvia,Mell,smellcp@edublogs.org,Female,49.146.233.133,Business Development,12 Truax Center
459,Saundra,Stowell,sstowellcq@dmoz.org,Female,252.142.60.3,Sales,9 Debs Lane
460,Justina,Mapes,jmapescr@cocolog-nifty.com,Female,152.151.154.140,Business Development,29914 Bowman Plaza
461,Odo,Cansdall,ocansdallcs@clickbank.net,Polygender,32.8.134.251,Support,2673 Spohn Court
462,Hermy,Sivess,hsivessct@php.net,Female,205.197.23.59,Engineering,80 Maywood Pass
463,Sibyl,Nassie,snassiecu@dagondesign.com,Male,151.155.28.72,Human Resources,84652 Kinsman Crossing
464,Trescha,Angelo,tangelocv@ibm.com,Female,117.42.101.84,Marketing,02684 Elgar Place
465,Lib,Basant,lbasantcw@over-blog.com,Agender,47.171.143.177,Product Management,99 Northland Lane
466,Hewie,Jacob,hjacobcx@comsenz.com,Male,175.132.194.51,Training,72392 Fuller Terrace
467,Marshall,Dyett,mdyettcy@wired.com,Non-binary,148.30.212.245,Support,08 Del Mar Road
468,Eduard,St. Ledger,estledgercz@webmd.com,Bigender,222.61.41.239,Product Management,66026 Eagle Crest Court
469,Dagny,Farmer,dfarmerd0@ning.com,Genderfluid,84.38.202.97,Training,757 Utah Trail
470,Joelle,Signe,jsigned1@exblog.jp,Non-binary,184.80.152.31,Marketing,3 Mosinee Alley
471,Merlina,McDuff,mmcduffd2@about.com,Male,79.190.145.171,Accounting,2 Golden Leaf Hill
472,Koressa,Hairsine,khairsined3@amazonaws.com,Genderqueer,174.100.255.98,Legal,71 Laurel Drive
473,Teri,Packington,tpackingtond4@sourceforge.net,Polygender,198.226.157.174,Accounting,11 Onsgard Alley
474,Muriel,Lumsdaine,mlumsdained5@accuweather.com,Female,57.229.230.233,Human Resources,5076 Sundown Avenue
475,Laurie,Crix,lcrixd6@upenn.edu,Bigender,191.163.56.38,Support,86035 Acker Road
476,Aldis,Ucchino,aucchinod7@miibeian.gov.cn,Genderqueer,199.45.234.81,Research and Development,39 Golf Way
477,Cordy,Janton,cjantond8@github.com,Male,180.147.158.178,Sales,4872 Lotheville Hill
478,Alix,Maybey,amaybeyd9@ebay.co.uk,Agender,83.55.81.30,Business Development,9273 Cody Park
479,Malena,Pryce,mpryceda@whitehouse.gov,Polygender,230.52.177.100,Engineering,82702 Rockefeller Court
480,Lynette,Gall,lgalldb@apache.org,Agender,232.43.11.190,Business Development,163 Towne Place
481,Consuelo,Luckman,cluckmandc@wikispaces.com,Genderfluid,98.165.17.179,Accounting,95082 Lukken Circle
482,Stacy,Wykes,swykesdd@google.ru,Female,69.196.228.238,Research and Development,4 Scott Road
483,Menard,Letixier,mletixierde@dedecms.com,Polygender,251.62.232.252,Business Development,3708 Stephen Place
484,Dominick,Heales,dhealesdf@phpbb.com,Polygender,148.251.115.46,Marketing,2937 Jana Circle
485,Deny,Pariss,dparissdg@bloglines.com,Female,110.254.196.199,Support,25 Northport Street
486,Avigdor,Delaney,adelaneydh@ezinearticles.com,Non-binary,90.88.130.155,Legal,20 Hoard Hill
487,Dorian,Jaggs,djaggsdi@altervista.org,Polygender,191.114.87.165,Services,5 Walton Crossing
488,Alejoa,Cosker,acoskerdj@barnesandnoble.com,Polygender,149.4.75.67,Human Resources,233 Kennedy Court
489,Yul,Yurkov,yyurkovdk@sakura.ne.jp,Male,235.121.35.12,Services,070 Mariners Cove Place
490,Lovell,Foard,lfoarddl@omniture.com,Polygender,24.180.106.228,Product Management,70 Fisk Drive
491,Em,Boughey,ebougheydm@netvibes.com,Genderfluid,165.210.201.194,Support,8529 Red Cloud Junction
492,Dolorita,O'Shavlan,doshavlandn@canalblog.com,Agender,68.107.248.103,Human Resources,0628 Center Center
493,Donal,Cicero,dcicerodo@goodreads.com,Genderqueer,195.216.0.139,Research and Development,9890 Golf Terrace
494,Kayley,McGavin,kmcgavindp@google.co.jp,Genderfluid,212.23.228.52,Marketing,4 Pawling Park
495,Vaughan,Rearie,vreariedq@1und1.de,Genderfluid,120.180.245.158,Accounting,3 Goodland Way
496,Rik,Clyburn,rclyburndr@usa.gov,Male,192.160.92.222,Training,657 John Wall Lane
497,Germayne,Martins,gmartinsds@skype.com,Female,97.171.242.240,Product Management,0946 Muir Court
498,Evangeline,Hundley,ehundleydt@harvard.edu,Agender,238.225.119.217,Business Development,14508 Eastwood Pass
499,Ashley,Mervyn,amervyndu@spotify.com,Male,249.217.8.29,Product Management,8778 Mallard Pass
500,Caldwell,Barosch,cbaroschdv@businessweek.com,Female,65.191.69.151,Legal,168 Northridge Lane
501,Donia,Everest,deverestdw@wikipedia.org,Male,175.182.14.125,Training,221 Old Shore Point
502,Polly,Posthill,pposthilldx@weebly.com,Male,79.58.11.170,Services,4686 Bluestem Circle
503,Hort,Harse,hharsedy@desdev.cn,Non-binary,185.228.254.243,Product Management,61 West Park
504,Panchito,Cardon,pcardondz@army.mil,Genderfluid,216.96.196.39,Engineering,88 Crescent Oaks Alley
505,Davin,Wilshin,dwilshine0@icio.us,Male,213.68.117.154,Support,866 Old Gate Terrace
506,Candida,Jonke,cjonkee1@cbsnews.com,Bigender,17.205.7.89,Sales,3 Grayhawk Hill
507,Rea,Sutter,rsuttere2@blogs.com,Genderfluid,10.170.254.161,Human Resources,55534 6th Hill
508,Carlynne,Korn,ckorne3@wunderground.com,Agender,99.7.14.217,Support,64 La Follette Street
509,Ashley,Mosco,amoscoe4@goo.ne.jp,Polygender,138.10.136.251,Support,2361 Darwin Lane
510,Storm,Bloomer,sbloomere5@virginia.edu,Non-binary,64.5.192.202,Support,47 Scofield Hill
511,Wilow,McCathie,wmccathiee6@live.com,Genderqueer,99.51.243.39,Business Development,16 Buell Pass
512,Elspeth,Cholerton,echolertone7@phpbb.com,Male,143.216.251.214,Legal,462 Ryan Court
513,Mathias,Dabel,mdabele8@prlog.org,Male,211.30.180.153,Human Resources,14 Bluejay Parkway
514,Stephenie,Ingry,singrye9@fc2.com,Male,17.192.147.193,Services,1 Hintze Trail
515,Dill,Mongeot,dmongeotea@cdc.gov,Genderfluid,173.205.194.10,Human Resources,80 Cody Drive
516,Roth,Lembcke,rlembckeeb@salon.com,Bigender,245.7.108.227,Research and Development,9 Park Meadow Park
517,Darryl,Welford,dwelfordec@phpbb.com,Genderqueer,26.200.16.211,Accounting,6443 Pepper Wood Avenue
518,Tobin,Brinklow,tbrinklowed@webs.com,Bigender,3.213.120.80,Services,887 Clyde Gallagher Place
519,Hakim,Hentze,hhentzeee@mtv.com,Genderfluid,236.240.189.26,Product Management,3880 Mallard Avenue
520,Avrom,Hein,aheinef@ucsd.edu,Male,203.140.17.70,Sales,66 Manley Plaza
521,Deena,Minguet,dmingueteg@hc360.com,Agender,204.55.203.207,Product Management,554 Pennsylvania Court
522,Peirce,Rigeby,prigebyeh@shinystat.com,Bigender,63.74.222.79,Services,1561 Artisan Road
523,Alexa,Cottie,acottieei@howstuffworks.com,Genderfluid,180.220.21.106,Sales,97947 Marcy Court
524,Cortney,Shenton,cshentonej@51.la,Polygender,243.120.0.93,Human Resources,1 Vahlen Road
525,Erwin,Wrassell,ewrassellek@oracle.com,Agender,201.194.59.160,Services,2 Carberry Plaza
526,Rodge,Del Dello,rdeldelloel@joomla.org,Agender,249.193.172.174,Services,8 Dexter Hill
527,Goldy,Wehnerr,gwehnerrem@patch.com,Male,93.36.56.67,Legal,13801 East Junction
528,Ginnie,McGilben,gmcgilbenen@aboutads.info,Non-binary,83.49.41.135,Services,43085 Texas Terrace
529,Cyndia,Seys,cseyseo@upenn.edu,Bigender,133.232.123.17,Business Development,27 Hazelcrest Street
530,Lurleen,Manifold,lmanifoldep@walmart.com,Non-binary,149.41.196.39,Accounting,1 Lillian Center
531,Emerson,Menguy,emenguyeq@ocn.ne.jp,Genderqueer,180.114.180.163,Accounting,51 Orin Lane
532,Fulvia,Gunningham,fgunninghamer@twitter.com,Polygender,217.185.232.150,Engineering,86 Red Cloud Park
533,Lilah,Vasyutin,lvasyutines@alibaba.com,Polygender,109.53.48.75,Business Development,822 Prairie Rose Point
534,Ilyssa,Monsey,imonseyet@seattletimes.com,Polygender,94.123.25.81,Sales,39 Ridge Oak Circle
535,Maris,MacHostie,mmachostieeu@homestead.com,Bigender,237.214.245.206,Research and Development,0 New Castle Place
536,Elvira,Thaxter,ethaxterev@bigcartel.com,Genderqueer,217.101.32.139,Engineering,31 Mallory Way
537,Tymothy,Hubback,thubbackew@weebly.com,Genderfluid,248.105.114.77,Product Management,637 Utah Road
538,Peggi,Giblin,pgiblinex@miitbeian.gov.cn,Genderfluid,118.49.110.232,Engineering,490 Merry Circle
539,Erhart,Colley,ecolleyey@xrea.com,Genderqueer,78.210.131.88,Sales,490 Sachtjen Point
540,Enriqueta,Wing,ewingez@bloglines.com,Agender,96.150.141.30,Sales,94534 Spenser Parkway
541,Efrem,Hardwidge,ehardwidgef0@fc2.com,Genderqueer,251.202.186.230,Services,62 Annamark Alley
542,Inigo,Melan,imelanf1@google.com.hk,Genderfluid,227.145.59.154,Sales,92932 Northland Lane
543,Gordon,Delos,gdelosf2@baidu.com,Genderqueer,248.217.12.175,Engineering,61831 Eastlawn Alley
544,Leighton,Killik,lkillikf3@exblog.jp,Female,132.184.149.81,Marketing,6 Comanche Way
545,Danie,Bacop,dbacopf4@geocities.jp,Female,48.193.34.187,Product Management,97885 Almo Park
546,Bee,O' Mullan,bomullanf5@feedburner.com,Genderfluid,130.85.95.220,Human Resources,17793 Dixon Alley
547,Alexa,Woodhouse,awoodhousef6@abc.net.au,Genderfluid,2.32.223.227,Accounting,97258 Forest Dale Court
548,Pennie,De la Zenne,pdelazennef7@youku.com,Male,145.88.184.136,Accounting,80 Toban Parkway
549,Carolan,Siggery,csiggeryf8@tripadvisor.com,Female,15.41.222.244,Training,4 Jana Alley
550,Olympia,Grice,ogricef9@google.pl,Female,190.8.172.241,Sales,7 Sunfield Avenue
551,Lombard,Fairs,lfairsfa@china.com.cn,Female,51.162.157.53,Marketing,1939 Artisan Junction
552,Fredelia,Hicks,fhicksfb@narod.ru,Polygender,134.79.33.15,Business Development,5 Karstens Lane
553,Kiele,Narrie,knarriefc@smh.com.au,Genderqueer,21.10.114.239,Training,5517 Dahle Lane
554,Molly,Kimbling,mkimblingfd@army.mil,Polygender,24.195.165.243,Training,2 Ryan Crossing
555,Rollie,Tremonte,rtremontefe@reference.com,Agender,21.31.252.30,Marketing,41 Granby Alley
556,Aaron,Jachimczak,ajachimczakff@nbcnews.com,Polygender,211.12.97.83,Legal,2992 Ridgeway Alley
557,Nelia,FitzAlan,nfitzalanfg@webs.com,Agender,40.234.0.40,Human Resources,487 Dwight Junction
558,Elsey,Meriel,emerielfh@statcounter.com,Genderqueer,159.136.203.234,Marketing,85 Division Drive
559,Camellia,Mettetal,cmettetalfi@nih.gov,Bigender,224.223.242.250,Marketing,04 School Plaza
560,Klarrisa,Chat,kchatfj@nymag.com,Genderqueer,148.197.219.62,Accounting,257 Sycamore Trail
561,Crysta,Cadge,ccadgefk@reuters.com,Genderfluid,145.204.7.125,Training,41 Shelley Road
562,Janette,Andor,jandorfl@xinhuanet.com,Genderqueer,137.90.238.227,Human Resources,62 Oriole Plaza
563,Dylan,Bock,dbockfm@quantcast.com,Bigender,24.239.167.167,Human Resources,01 Nevada Hill
564,Gabbi,Harlock,gharlockfn@nba.com,Agender,116.177.74.190,Sales,08628 Dryden Street
565,Pauline,Purrier,ppurrierfo@umich.edu,Genderfluid,186.97.121.69,Engineering,40 Northland Plaza
566,Brendis,Culmer,bculmerfp@cnbc.com,Bigender,3.118.31.224,Sales,5369 Riverside Lane
567,Tomasine,Wade,twadefq@cnet.com,Male,82.37.137.64,Marketing,093 Larry Road
568,Georgianna,Hainning,ghainningfr@huffingtonpost.com,Male,1.155.225.157,Product Management,8319 Sunbrook Place
569,Griselda,Woollons,gwoollonsfs@usda.gov,Bigender,211.175.38.92,Accounting,958 Ilene Street
570,Ulrike,Geldeard,ugeldeardft@ifeng.com,Polygender,75.241.151.199,Accounting,4 Milwaukee Place
571,Heather,Grimwade,hgrimwadefu@fotki.com,Female,239.19.125.135,Product Management,13 Rowland Street
572,Sheree,Nano,snanofv@stanford.edu,Female,36.124.250.161,Sales,42 Mcbride Park
573,Aurthur,Sturrock,asturrockfw@deviantart.com,Bigender,119.203.117.249,Training,7157 Gateway Alley
574,Sumner,Sherbourne,ssherbournefx@instagram.com,Female,149.213.10.5,Services,38428 Homewood Road
575,Bertha,Constantine,bconstantinefy@icq.com,Genderfluid,212.57.5.140,Business Development,5 Hudson Road
576,Clementia,Miche,cmichefz@1und1.de,Agender,93.160.146.171,Engineering,11505 Columbus Park
577,Otis,Yorston,oyorstong0@eepurl.com,Non-binary,169.174.243.71,Training,48758 Northridge Way
578,Tarah,Sandeman,tsandemang1@yolasite.com,Polygender,20.96.31.52,Engineering,81 Erie Park
579,Michaela,Chaffin,mchaffing2@360.cn,Female,30.159.108.234,Legal,6 Hanover Terrace
580,Cosmo,Farrimond,cfarrimondg3@cbslocal.com,Genderqueer,62.235.124.74,Research and Development,3 Messerschmidt Park
581,Corrina,Dudney,cdudneyg4@sitemeter.com,Male,241.228.232.241,Accounting,368 Everett Point
582,Candie,Illwell,cillwellg5@homestead.com,Polygender,214.211.128.179,Marketing,0541 Manitowish Way
583,Gayel,Uff,guffg6@google.com,Agender,95.166.142.23,Accounting,463 Banding Center
584,Beatrisa,Chapman,bchapmang7@meetup.com,Female,202.42.166.119,Services,33848 Blackbird Center
585,Tobit,Cogar,tcogarg8@webs.com,Male,39.225.246.140,Services,6211 3rd Drive
586,Eustacia,Sisley,esisleyg9@wunderground.com,Female,213.252.57.190,Sales,3 Independence Parkway
587,Maurits,Braune,mbraunega@so-net.ne.jp,Bigender,27.165.99.180,Product Management,67017 Delladonna Alley
588,Kaitlin,Blackway,kblackwaygb@theguardian.com,Female,21.33.65.54,Human Resources,81061 Myrtle Terrace
589,Delcina,Bowley,dbowleygc@clickbank.net,Non-binary,200.23.131.175,Product Management,8 Susan Court
590,Calla,Mangion,cmangiongd@posterous.com,Female,136.147.135.209,Human Resources,9 Arizona Terrace
591,Sally,Beedham,sbeedhamge@squidoo.com,Bigender,227.251.51.195,Legal,408 Mesta Terrace
592,Giraldo,Owthwaite,gowthwaitegf@yandex.ru,Female,229.167.188.192,Sales,39 Fisk Trail
593,Gerry,Dessent,gdessentgg@upenn.edu,Genderqueer,17.185.15.147,Sales,71302 Mayfield Place
594,Audrye,Sloley,asloleygh@pcworld.com,Male,83.164.29.114,Services,7303 Killdeer Center
595,Jerrilyn,Astill,jastillgi@irs.gov,Female,230.103.118.11,Training,12361 Carey Place
596,Patrizia,Harsant,pharsantgj@nyu.edu,Polygender,61.205.88.19,Legal,8 Sherman Center
597,Agosto,Burborough,aburboroughgk@auda.org.au,Polygender,130.223.186.230,Human Resources,0 School Parkway
598,Sterling,Romi,sromigl@1und1.de,Male,238.19.197.22,Sales,882 Vera Junction
599,Libby,Eakeley,leakeleygm@newsvine.com,Non-binary,8.172.240.142,Accounting,89 Amoth Plaza
600,Noel,Le Blanc,nleblancgn@hubpages.com,Female,240.112.68.48,Sales,367 Algoma Junction
601,Dugald,Iglesia,diglesiago@ft.com,Male,130.200.195.210,Training,4 Grasskamp Plaza
602,Sheelah,Coade,scoadegp@nydailynews.com,Polygender,74.2.220.47,Product Management,306 Blaine Drive
603,Olin,Whittock,owhittockgq@printfriendly.com,Genderfluid,209.233.241.185,Engineering,7 Forster Terrace
604,Averyl,Snalham,asnalhamgr@springer.com,Bigender,219.176.40.253,Business Development,18 Coolidge Place
605,Murial,Millyard,mmillyardgs@people.com.cn,Male,41.254.4.254,Support,585 Loomis Terrace
606,Dorise,Glasspool,dglasspoolgt@timesonline.co.uk,Non-binary,186.242.79.225,Services,3 Logan Drive
607,Leora,McWhorter,lmcwhortergu@economist.com,Male,73.154.228.18,Legal,1603 Dayton Lane
608,Gay,Bastard,gbastardgv@a8.net,Genderfluid,26.37.209.252,Services,3 Wayridge Way
609,Harlin,Flexman,hflexmangw@linkedin.com,Genderfluid,6.20.212.179,Research and Development,5738 Mallory Place
610,Cecily,Rougier,crougiergx@epa.gov,Agender,42.133.125.128,Research and Development,83 Stuart Crossing
611,Alexis,Bauldrey,abauldreygy@bing.com,Genderfluid,144.228.4.120,Accounting,7 Kings Pass
612,Guss,Short,gshortgz@samsung.com,Female,62.121.158.32,Support,6705 Thierer Circle
613,Mano,Godin,mgodinh0@abc.net.au,Female,250.11.76.187,Legal,032 Melody Junction
614,Steffen,Pierse,spierseh1@cdc.gov,Bigender,139.177.98.146,Sales,69 Eastwood Road
615,Harmony,Haxbie,hhaxbieh2@mozilla.com,Bigender,149.174.122.181,Engineering,66479 Hansons Park
616,Sheilakathryn,Harries,sharriesh3@youtube.com,Genderfluid,178.205.99.110,Sales,3 Spaight Pass
617,Kendall,Peterson,kpetersonh4@aboutads.info,Agender,58.154.201.32,Engineering,417 Gateway Way
618,Henryetta,Stobbart,hstobbarth5@aboutads.info,Female,52.44.178.243,Training,113 American Circle
619,Barrie,Fawcett,bfawcetth6@nba.com,Bigender,248.5.26.221,Legal,9 Maple Wood Drive
620,Shelli,Izsak,sizsakh7@aboutads.info,Genderfluid,201.8.112.195,Accounting,1 Melvin Terrace
621,Lynette,Cadwell,lcadwellh8@moonfruit.com,Male,121.237.155.49,Support,58 Starling Center
622,Taryn,Dable,tdableh9@uiuc.edu,Female,11.136.241.45,Sales,6 Anderson Alley
623,Rebe,Blick,rblickha@cbslocal.com,Non-binary,242.92.51.80,Business Development,3480 Rutledge Crossing
624,Grier,Conkling,gconklinghb@nytimes.com,Bigender,150.225.138.195,Research and Development,63 Gale Way
625,Aubry,Olyonov,aolyonovhc@psu.edu,Genderfluid,155.145.204.231,Research and Development,0619 Bluestem Court
626,Evey,Wannop,ewannophd@squidoo.com,Genderqueer,85.64.58.82,Training,84 Artisan Crossing
627,Clayborne,Becarra,cbecarrahe@typepad.com,Bigender,174.189.67.149,Legal,9 Melby Terrace
628,Valeria,Hambrook,vhambrookhf@edublogs.org,Genderfluid,217.50.88.86,Engineering,27358 Northland Junction
629,Enrique,Wigelsworth,ewigelsworthhg@jiathis.com,Bigender,227.104.213.169,Human Resources,33 Morrow Trail
630,Emili,Sterley,esterleyhh@4shared.com,Agender,110.202.62.229,Support,6434 Memorial Center
631,Rudolfo,Snoxill,rsnoxillhi@independent.co.uk,Male,246.206.31.172,Marketing,05133 Huxley Drive
632,Tessi,Ambrogiotti,tambrogiottihj@deviantart.com,Female,144.216.154.236,Services,539 Buell Park
633,Lemuel,Mathevet,lmathevethk@unc.edu,Agender,235.64.196.100,Business Development,7 Norway Maple Place
634,Raynard,Blondell,rblondellhl@blog.com,Bigender,83.104.15.62,Legal,01 Ridgeway Street
635,Reyna,Albasiny,ralbasinyhm@gnu.org,Female,149.191.251.55,Engineering,5 Russell Avenue
636,Ashton,Spikings,aspikingshn@usatoday.com,Bigender,254.86.72.146,Accounting,2 Straubel Street
637,Valentia,Seeman,vseemanho@slideshare.net,Female,57.107.224.26,Training,0 Merchant Alley
638,Cornelia,Gavigan,cgaviganhp@tripod.com,Non-binary,201.120.227.182,Business Development,3 Dakota Park
639,Garold,Rape,grapehq@tiny.cc,Genderfluid,146.166.135.240,Marketing,4 Kennedy Court
640,Brian,Orsi,borsihr@senate.gov,Non-binary,165.196.45.51,Support,94511 Northport Plaza
641,Nicol,Liddiard,nliddiardhs@mediafire.com,Non-binary,241.125.111.245,Marketing,438 Bartelt Crossing
642,Gustavo,Garraway,ggarrawayht@godaddy.com,Female,40.213.30.30,Business Development,04 Manitowish Trail
643,Tommy,Chesney,tchesneyhu@yellowbook.com,Female,139.235.173.40,Accounting,11 Crescent Oaks Pass
644,Dyanna,Cocher,dcocherhv@seattletimes.com,Male,176.1.171.49,Accounting,13 Towne Park
645,Hy,O' Scallan,hoscallanhw@phoca.cz,Male,213.17.89.203,Support,3 Loomis Court
646,Micheline,Leonards,mleonardshx@gizmodo.com,Agender,151.174.166.61,Services,39091 Dayton Drive
647,Antonia,Oxenden,aoxendenhy@sogou.com,Female,216.220.244.215,Engineering,51093 Mockingbird Center
648,Cordula,Rabbitts,crabbittshz@g.co,Genderqueer,185.28.219.91,Product Management,6104 Glacier Hill Parkway
649,Hendrika,Fray,hfrayi0@is.gd,Genderqueer,181.68.67.24,Services,89 Kinsman Point
650,Ida,Hearnaman,ihearnamani1@google.com.au,Non-binary,74.203.83.247,Accounting,1297 Wayridge Drive
651,Tomlin,Mulloch,tmullochi2@blogs.com,Bigender,112.38.98.9,Product Management,318 Emmet Point
652,Nannette,Shackell,nshackelli3@liveinternet.ru,Female,228.76.19.192,Sales,64 Summer Ridge Crossing
653,Paulita,Walkingshaw,pwalkingshawi4@istockphoto.com,Non-binary,45.41.211.133,Marketing,3201 Leroy Street
654,Gaylord,Kynan,gkynani5@economist.com,Non-binary,53.78.115.24,Support,00283 Sundown Center
655,Arney,Etienne,aetiennei6@auda.org.au,Non-binary,65.130.246.90,Support,17 Montana Parkway
656,Nerty,Foulger,nfoulgeri7@statcounter.com,Polygender,255.242.159.248,Product Management,69204 Dixon Trail
657,Garland,Olenchenko,golenchenkoi8@hao123.com,Agender,241.96.214.159,Marketing,44 Melody Road
658,Maryrose,Walsom,mwalsomi9@wired.com,Female,11.169.118.166,Engineering,00 Nelson Point
659,Ardine,Pursglove,apursgloveia@yellowbook.com,Genderqueer,121.9.229.255,Product Management,21 Butterfield Alley
660,Penni,McGhee,pmcgheeib@trellian.com,Polygender,61.23.26.160,Support,8 Crescent Oaks Way
661,Leda,Wakelin,lwakelinic@google.com.hk,Genderqueer,120.67.119.240,Services,3 Bultman Court
662,Timmie,Oughton,toughtonid@salon.com,Agender,248.167.165.93,Marketing,865 Sloan Way
663,Erhart,Sappy,esappyie@blinklist.com,Male,216.157.125.101,Services,978 Arkansas Circle
664,Karoly,Goch,kgochif@tinyurl.com,Female,131.46.55.178,Research and Development,00 Everett Hill
665,Reed,Rawcliffe,rrawcliffeig@prnewswire.com,Agender,81.133.111.92,Support,93301 Leroy Court
666,Neilla,Trevorrow,ntrevorrowih@wix.com,Agender,147.249.239.166,Marketing,1 Pawling Trail
667,Ricoriki,Grzelewski,rgrzelewskiii@narod.ru,Female,73.142.254.206,Research and Development,76 Lindbergh Avenue
668,Daren,Allright,dallrightij@t.co,Non-binary,13.82.140.192,Sales,05 Scott Lane
669,Katleen,Rois,kroisik@washingtonpost.com,Female,6.32.46.28,Human Resources,036 Havey Drive
670,Dudley,Snel,dsnelil@java.com,Genderfluid,23.121.225.164,Support,72 Donald Plaza
671,Merci,Dungey,mdungeyim@reverbnation.com,Female,142.52.189.215,Support,77998 Debs Junction
672,Wilone,Batchelor,wbatchelorin@mysql.com,Polygender,230.251.114.221,Human Resources,1015 Milwaukee Circle
673,Sarita,Cracker,scrackerio@zimbio.com,Bigender,11.249.57.107,Engineering,59 Scoville Parkway
674,Loraine,Rudman,lrudmanip@newyorker.com,Agender,165.105.158.154,Support,75900 Truax Crossing
675,Tudor,Rama,tramaiq@ezinearticles.com,Male,0.67.207.12,Research and Development,894 Mayer Parkway
676,Aloisia,Arnell,aarnellir@cdc.gov,Non-binary,67.104.230.186,Legal,1 Carberry Pass
677,Aharon,Mateja,amatejais@who.int,Non-binary,239.46.103.219,Training,9508 Arrowood Lane
678,Lenette,Benninger,lbenningerit@myspace.com,Genderqueer,215.220.122.36,Training,457 Farmco Hill
679,Kay,Killoran,kkilloraniu@nsw.gov.au,Female,167.194.39.58,Sales,0 Fair Oaks Junction
680,Seline,Rainsden,srainsdeniv@google.pl,Female,121.255.10.216,Business Development,61 Hollow Ridge Drive
681,Gian,Salkild,gsalkildiw@webeden.co.uk,Male,188.206.115.25,Engineering,9 Division Plaza
682,Lorie,Davidowsky,ldavidowskyix@ehow.com,Genderqueer,201.222.58.176,Accounting,2 Westend Circle
683,Emmalynn,Escalera,eescaleraiy@mozilla.com,Female,74.64.105.40,Business Development,29545 Maryland Terrace
684,Shermie,Ayars,sayarsiz@google.co.uk,Agender,186.35.147.165,Product Management,54 Pankratz Terrace
685,Florinda,Camacke,fcamackej0@unc.edu,Bigender,252.52.231.240,Human Resources,24939 Sugar Hill
686,Georas,Feathers,gfeathersj1@issuu.com,Agender,134.106.74.252,Research and Development,6 Reindahl Trail
687,Vivyanne,Ravenscraft,vravenscraftj2@ibm.com,Polygender,6.79.143.110,Engineering,2878 Stang Trail
688,Kristy,Olenikov,kolenikovj3@yahoo.com,Male,67.37.42.99,Services,3577 Tomscot Junction
689,Sarita,Dedman,sdedmanj4@storify.com,Genderqueer,67.96.58.201,Sales,76 Mayfield Place
690,Constanta,Rabidge,crabidgej5@devhub.com,Non-binary,255.68.57.6,Training,9 Union Crossing
691,Obediah,Krzyzaniak,okrzyzaniakj6@jugem.jp,Agender,173.253.229.170,Accounting,0 Farwell Court
692,Jeremias,Yendall,jyendallj7@msn.com,Bigender,214.227.54.239,Marketing,246 Huxley Circle
693,Adrianna,Harmour,aharmourj8@berkeley.edu,Genderfluid,50.115.85.59,Engineering,14562 Mifflin Parkway
694,Felicle,Tremmil,ftremmilj9@twitter.com,Bigender,35.145.42.240,Research and Development,1674 Twin Pines Circle
695,Tammy,Mulchrone,tmulchroneja@wired.com,Bigender,208.196.134.182,Business Development,75139 1st Hill
696,Tadd,Downes,tdownesjb@oracle.com,Female,23.63.67.74,Engineering,23 La Follette Street
697,Emile,Beaton,ebeatonjc@constantcontact.com,Genderfluid,77.222.87.120,Legal,8029 Menomonie Plaza
698,Nada,Udale,nudalejd@unesco.org,Female,229.152.31.83,Research and Development,1 Heath Junction
699,Christos,Ginger,cgingerje@blogger.com,Bigender,68.238.68.247,Sales,41896 Portage Point
700,Robbie,Ashleigh,rashleighjf@soundcloud.com,Non-binary,232.61.94.228,Services,94 Pennsylvania Hill
701,Beryl,Aspital,baspitaljg@mayoclinic.com,Genderfluid,18.232.112.143,Support,441 Melrose Plaza
702,Franni,Allwell,fallwelljh@google.nl,Male,194.150.11.111,Training,7661 Golden Leaf Plaza
703,Eamon,McHarry,emcharryji@elegantthemes.com,Polygender,156.165.60.134,Engineering,00 Novick Avenue
704,Marleah,Caldicot,mcaldicotjj@google.co.uk,Agender,198.20.109.175,Marketing,7 Stuart Terrace
705,Shaylynn,Fass,sfassjk@ycombinator.com,Bigender,243.98.204.121,Engineering,0572 East Plaza
706,Rutledge,Pellissier,rpellissierjl@photobucket.com,Female,248.141.137.127,Marketing,9 Mariners Cove Road
707,Kenna,Epinay,kepinayjm@domainmarket.com,Polygender,7.185.133.210,Sales,50 Glendale Lane
708,Gerhardt,Spawell,gspawelljn@taobao.com,Non-binary,234.68.213.38,Research and Development,7 Corscot Terrace
709,Kinnie,Ricca,kriccajo@who.int,Genderqueer,110.148.19.24,Legal,131 Kingsford Terrace
710,Gannie,Krale,gkralejp@ted.com,Female,110.204.248.133,Business Development,72358 Spenser Way
711,Garvey,Cardenosa,gcardenosajq@wikispaces.com,Female,175.27.141.121,Marketing,94 Judy Terrace
712,Pen,MacGeffen,pmacgeffenjr@harvard.edu,Genderqueer,18.217.243.232,Marketing,7 Ryan Hill
713,Kimberly,Wimlett,kwimlettjs@joomla.org,Male,255.220.95.45,Product Management,780 Kropf Crossing
714,Maddy,Doud,mdoudjt@devhub.com,Bigender,105.204.74.70,Training,4 Pine View Pass
715,Lind,Feldmark,lfeldmarkju@simplemachines.org,Non-binary,64.255.239.248,Sales,35 Arapahoe Lane
716,Odo,Lownds,olowndsjv@blogtalkradio.com,Agender,25.88.226.32,Legal,46998 Fisk Way
717,Jeffrey,Lundbeck,jlundbeckjw@pcworld.com,Polygender,78.178.249.103,Human Resources,4576 Bartillon Plaza
718,Pris,Stannas,pstannasjx@goo.gl,Non-binary,79.127.5.126,Marketing,455 Parkside Plaza
719,Coletta,Sandiford,csandifordjy@example.com,Polygender,155.154.119.123,Business Development,822 Steensland Terrace
720,Catarina,Tivnan,ctivnanjz@berkeley.edu,Agender,79.72.64.145,Support,1779 Jay Parkway
721,Man,Sperski,msperskik0@quantcast.com,Male,66.29.38.66,Accounting,44412 Reinke Crossing
722,Tommi,Redd,treddk1@mediafire.com,Genderfluid,115.54.126.62,Business Development,44 Vahlen Street
723,Noak,Ambrose,nambrosek2@foxnews.com,Polygender,72.224.122.203,Training,4 Hermina Point
724,Germain,Mart,gmartk3@un.org,Agender,92.163.43.69,Legal,3263 Portage Crossing
725,Mandy,Lyttle,mlyttlek4@bbb.org,Female,216.231.149.47,Business Development,0 Sugar Court
726,Toby,Oldnall,toldnallk5@ask.com,Male,14.125.119.140,Product Management,0 Burrows Terrace
727,Eberto,Renton,erentonk6@ocn.ne.jp,Agender,0.205.6.180,Marketing,2370 Dorton Court
728,Elise,Chatt,echattk7@techcrunch.com,Bigender,15.15.132.249,Legal,1 Scoville Way
729,Enrique,Casassa,ecasassak8@domainmarket.com,Female,236.17.132.4,Sales,3122 Northland Plaza
730,Constantina,Angrock,cangrockk9@hp.com,Genderqueer,110.24.224.31,Services,3491 Jackson Point
731,Lenore,Fatscher,lfatscherka@dmoz.org,Non-binary,231.124.229.234,Legal,3 Mcbride Court
732,Jillie,Stone Fewings,jstonefewingskb@tuttocitta.it,Non-binary,245.212.124.171,Sales,97985 Larry Center
733,Nara,Boylin,nboylinkc@fastcompany.com,Bigender,73.81.134.215,Legal,43 Lotheville Alley
734,Rodolfo,Leachman,rleachmankd@google.nl,Agender,242.5.68.222,Research and Development,025 East Hill
735,Mahmoud,Paulsen,mpaulsenke@purevolume.com,Male,128.35.174.31,Training,5233 Golden Leaf Pass
736,Maridel,Alldred,malldredkf@blogs.com,Agender,14.128.76.182,Business Development,18144 Burning Wood Avenue
737,Winnie,Schwartz,wschwartzkg@freewebs.com,Bigender,52.89.141.174,Support,02 Raven Crossing
738,Isac,MacCosto,imaccostokh@moonfruit.com,Polygender,33.28.101.40,Research and Development,188 Lakewood Gardens Court
739,Laurens,Lengthorn,llengthornki@wp.com,Non-binary,98.80.209.56,Marketing,00 Emmet Street
740,Zaccaria,Shepperd,zshepperdkj@vinaora.com,Genderqueer,58.200.82.231,Research and Development,08 Melrose Junction
741,Eddie,Gallihawk,egallihawkkk@ustream.tv,Agender,141.42.175.175,Legal,67 Dovetail Hill
742,Jecho,Gergely,jgergelykl@va.gov,Bigender,106.32.122.80,Engineering,5759 Amoth Circle
743,Armin,Elcoate,aelcoatekm@cbsnews.com,Male,18.197.26.230,Sales,1386 Schlimgen Avenue
744,Leora,Delgaty,ldelgatykn@narod.ru,Polygender,61.116.47.198,Marketing,3036 Bayside Street
745,Devlen,McGeechan,dmcgeechanko@omniture.com,Agender,66.174.180.174,Research and Development,74130 Paget Place
746,Beverly,Rontsch,brontschkp@com.com,Polygender,235.213.71.36,Product Management,622 Sullivan Road
747,Wanda,Jocelyn,wjocelynkq@goodreads.com,Polygender,12.77.75.137,Research and Development,6 Hudson Point
748,Erasmus,Scaice,escaicekr@free.fr,Genderqueer,195.237.63.163,Business Development,74 Rowland Alley
749,Julieta,Dawbery,jdawberyks@utexas.edu,Non-binary,136.136.38.21,Sales,697 Coleman Crossing
750,Frankie,Grayland,fgraylandkt@amazon.com,Non-binary,151.109.102.6,Services,2 Roth Point
751,Melanie,Melrose,mmelroseku@amazon.co.jp,Agender,174.87.57.148,Sales,10 Veith Terrace
752,Emmi,Avery,eaverykv@biglobe.ne.jp,Genderqueer,46.199.2.190,Support,811 Oak Valley Road
753,Katina,Waren,kwarenkw@taobao.com,Polygender,195.104.28.231,Marketing,30 Upham Center
754,Kendall,Brothwood,kbrothwoodkx@nature.com,Genderfluid,42.255.117.122,Business Development,5970 Tennyson Road
755,Lind,Trimble,ltrimbleky@mediafire.com,Genderfluid,213.222.119.37,Marketing,714 Declaration Way
756,Cherye,Barensen,cbarensenkz@barnesandnoble.com,Male,101.92.23.89,Human Resources,995 Cherokee Center
757,Roby,Wrightam,rwrightaml0@shareasale.com,Genderfluid,193.65.174.3,Human Resources,98361 Evergreen Trail
758,Ebeneser,Bills,ebillsl1@mtv.com,Female,204.153.189.186,Training,19 Cambridge Terrace
759,Millie,Farron,mfarronl2@printfriendly.com,Agender,124.179.203.43,Business Development,05570 Londonderry Plaza
760,Erna,Lewington,elewingtonl3@hhs.gov,Genderqueer,219.8.159.133,Research and Development,6716 Oakridge Pass
761,Pat,Hindshaw,phindshawl4@soup.io,Female,229.226.81.241,Training,8 Shasta Hill
762,Hildagard,Gaynesford,hgaynesfordl5@ihg.com,Agender,60.128.63.15,Sales,8524 Iowa Way
763,Anna-maria,McGebenay,amcgebenayl6@pbs.org,Agender,149.83.173.20,Business Development,2 Delaware Trail
764,Gregoire,Matschek,gmatschekl7@seesaa.net,Non-binary,16.57.70.169,Product Management,3222 Texas Park
765,Caye,Doyle,cdoylel8@pcworld.com,Genderqueer,79.63.140.62,Marketing,8491 Calypso Court
766,Kameko,Heiden,kheidenl9@independent.co.uk,Polygender,233.46.55.34,Marketing,02 Morning Terrace
767,Natka,Kurton,nkurtonla@nifty.com,Non-binary,133.84.59.19,Training,390 Boyd Place
768,Vikki,Lawlor,vlawlorlb@craigslist.org,Genderfluid,152.228.40.146,Sales,0 Browning Parkway
769,Della,Attreed,dattreedlc@narod.ru,Male,27.73.24.81,Research and Development,50534 Village Street
770,Abbe,Paynes,apaynesld@xing.com,Genderqueer,234.12.249.168,Legal,487 Messerschmidt Center
771,Elbertine,Bailiss,ebailissle@jugem.jp,Genderqueer,89.50.48.70,Marketing,4 Milwaukee Trail
772,Concordia,Langthorn,clangthornlf@alibaba.com,Agender,250.14.196.218,Marketing,70 Waxwing Alley
773,Mallory,Durbyn,mdurbynlg@who.int,Bigender,244.95.18.240,Accounting,11401 Beilfuss Junction
774,Deva,Hitzmann,dhitzmannlh@google.com.au,Bigender,116.93.187.26,Human Resources,295 Waywood Place
775,Tanya,Akeherst,takeherstli@pbs.org,Bigender,217.53.66.220,Services,11907 Oxford Center
776,Hannie,Birkmyre,hbirkmyrelj@homestead.com,Male,123.76.217.171,Accounting,8392 Crest Line Way
777,Melli,McGifford,mmcgiffordlk@sbwire.com,Genderfluid,55.191.235.148,Training,0 Golden Leaf Hill
778,Elli,Russen,erussenll@twitter.com,Agender,99.161.58.130,Research and Development,2 Ryan Center
779,Berny,Flegg,bflegglm@skype.com,Non-binary,210.4.249.170,Services,2244 Spenser Plaza
780,Esmaria,Ensley,eensleyln@craigslist.org,Agender,162.113.152.171,Accounting,9085 Spaight Plaza
781,Karlik,Klesse,kklesselo@nbcnews.com,Female,180.29.27.181,Marketing,45 3rd Alley
782,Matilda,Noad,mnoadlp@va.gov,Genderqueer,190.164.220.142,Engineering,3273 Valley Edge Alley
783,Kristal,Abby,kabbylq@github.com,Bigender,144.152.171.184,Services,4961 Hanover Place
784,Cherrita,Corpe,ccorpelr@gov.uk,Polygender,184.52.119.17,Services,07 Cody Street
785,De witt,Annetts,dannettsls@sakura.ne.jp,Female,186.117.71.175,Human Resources,5996 Londonderry Center
786,Robbyn,Copeland,rcopelandlt@bluehost.com,Agender,241.219.187.137,Research and Development,16 Warrior Crossing
787,Gayel,Cotgrave,gcotgravelu@moonfruit.com,Polygender,139.200.49.212,Training,2 Burning Wood Court
788,Kali,Clamp,kclamplv@elegantthemes.com,Male,44.138.106.53,Business Development,94905 Crest Line Alley
789,Sibyl,Gabits,sgabitslw@com.com,Agender,146.7.105.39,Marketing,22 Acker Drive
790,Laurice,Gascard,lgascardlx@alexa.com,Non-binary,221.24.133.17,Business Development,2 Orin Point
791,Nickie,Goublier,ngoublierly@bizjournals.com,Bigender,240.89.41.140,Research and Development,85826 Golden Leaf Place
792,Stesha,Gregor,sgregorlz@booking.com,Agender,124.62.112.152,Engineering,86063 Petterle Road
793,Sly,Danslow,sdanslowm0@phoca.cz,Genderqueer,250.187.204.40,Accounting,3409 Stang Alley
794,Cosimo,Casado,ccasadom1@youtu.be,Female,228.120.1.51,Services,16 Monument Place
795,Shalne,Casbolt,scasboltm2@github.io,Bigender,8.6.211.19,Marketing,5841 Lindbergh Avenue
796,Howey,Valiant,hvaliantm3@nps.gov,Genderqueer,224.225.104.137,Services,20052 Troy Park
797,Orelle,Sainer,osainerm4@shop-pro.jp,Male,254.105.38.101,Training,865 Prairie Rose Circle
798,Cosetta,Tarquinio,ctarquiniom5@gov.uk,Genderfluid,53.138.197.151,Accounting,8 Meadow Vale Point
799,Briggs,Mushawe,bmushawem6@istockphoto.com,Agender,143.204.179.34,Research and Development,60140 Clyde Gallagher Lane
800,Pepita,Tynan,ptynanm7@amazon.com,Genderfluid,155.154.59.242,Sales,74075 Ridge Oak Road
801,Kristoffer,Hovel,khovelm8@weibo.com,Male,221.51.165.141,Human Resources,40 Troy Park
802,Jenda,Gorwood,jgorwoodm9@linkedin.com,Female,231.249.130.23,Research and Development,16346 Magdeline Parkway
803,Galvin,Marians,gmariansma@clickbank.net,Agender,104.202.242.69,Services,66 Sutteridge Place
804,Earlie,Upstone,eupstonemb@i2i.jp,Genderqueer,188.166.189.180,Human Resources,90 Weeping Birch Point
805,Rosemarie,Rasp,rraspmc@mail.ru,Genderfluid,118.58.167.235,Support,495 Oak Center
806,Crissy,Cridlan,ccridlanmd@goodreads.com,Male,172.128.145.185,Training,76 Walton Crossing
807,Jaquelyn,Dodgshon,jdodgshonme@oaic.gov.au,Polygender,71.40.233.137,Engineering,527 Merry Lane
808,Poppy,Besantie,pbesantiemf@cmu.edu,Bigender,160.197.141.234,Human Resources,16 Gulseth Circle
809,Laurene,Kubera,lkuberamg@twitpic.com,Genderfluid,82.127.77.176,Training,67239 Coolidge Parkway
810,Madel,Mathivon,mmathivonmh@usda.gov,Genderfluid,58.117.154.191,Marketing,7 Dunning Center
811,Gloriane,Desesquelle,gdesesquellemi@fotki.com,Female,2.24.14.148,Product Management,30750 Red Cloud Park
812,Moritz,Omrod,momrodmj@xing.com,Male,126.223.176.78,Services,57 Vahlen Junction
813,Wald,Cargon,wcargonmk@so-net.ne.jp,Genderqueer,75.154.220.163,Training,949 Farwell Place
814,Judy,Sedworth,jsedworthml@wiley.com,Agender,22.172.126.1,Human Resources,6527 Caliangt Park
815,Karlotta,Pahlsson,kpahlssonmm@icio.us,Genderfluid,167.62.101.126,Product Management,74 Meadow Vale Court
816,Gibby,Wateridge,gwateridgemn@51.la,Non-binary,229.143.18.180,Legal,73 Iowa Place
817,Row,Longworthy,rlongworthymo@prlog.org,Genderqueer,52.235.215.90,Engineering,06677 Independence Crossing
818,Jannel,Champneys,jchampneysmp@e-recht24.de,Polygender,116.236.201.25,Human Resources,7 Prairie Rose Plaza
819,Emmaline,Gillison,egillisonmq@flickr.com,Polygender,217.8.40.112,Product Management,61742 South Alley
820,Nicole,Heinle,nheinlemr@ft.com,Female,104.154.60.63,Product Management,636 Monica Street
821,Clevie,Eakin,ceakinms@mediafire.com,Genderfluid,135.116.75.7,Support,58137 Westend Junction
822,Latia,McNish,lmcnishmt@thetimes.co.uk,Female,193.62.19.9,Services,30286 Waxwing Road
823,Tedi,Toynbee,ttoynbeemu@naver.com,Bigender,102.32.214.254,Engineering,4822 Sage Court
824,Calhoun,Mariner,cmarinermv@eepurl.com,Genderqueer,82.40.200.223,Human Resources,90486 Hintze Pass
825,Dallas,Fotherby,dfotherbymw@dailymail.co.uk,Genderfluid,86.194.38.81,Legal,48441 Lunder Alley
826,Mellisent,Ponte,mpontemx@globo.com,Genderfluid,51.155.247.32,Accounting,8 Oxford Point
827,Woodie,Parkhouse,wparkhousemy@bravesites.com,Male,210.184.129.154,Sales,13 Sage Lane
828,Othella,Petrolli,opetrollimz@wix.com,Genderqueer,37.142.232.247,Support,6658 Golf Course Alley
829,Celinda,Greenhowe,cgreenhowen0@soup.io,Female,212.111.249.61,Product Management,79 Coolidge Avenue
830,Rolfe,Addlestone,raddlestonen1@posterous.com,Polygender,63.188.109.150,Legal,83766 Hallows Drive
831,Terrie,Geleman,tgelemann2@photobucket.com,Male,200.254.40.92,Engineering,9 Beilfuss Avenue
832,Tessie,Cathery,tcatheryn3@scientificamerican.com,Female,20.119.184.223,Product Management,31 Ruskin Hill
833,Iver,Tours,itoursn4@webeden.co.uk,Male,64.86.22.244,Product Management,72 Shopko Terrace
834,Jeannie,Garnam,jgarnamn5@github.io,Genderfluid,101.71.162.234,Accounting,578 Shopko Crossing
835,Veronica,Esparza,vesparzan6@flickr.com,Genderfluid,101.122.132.111,Sales,79 Anzinger Place
836,Malissa,Stampfer,mstampfern7@earthlink.net,Female,242.2.119.248,Sales,157 Rieder Plaza
837,Neal,Whitley,nwhitleyn8@yellowbook.com,Genderfluid,125.115.198.187,Services,82306 Marcy Trail
838,Gordon,Bauldry,gbauldryn9@stumbleupon.com,Genderqueer,229.102.123.169,Marketing,2 Ridgeview Trail
839,Maribeth,Georgeon,mgeorgeonna@last.fm,Agender,183.243.217.52,Support,92071 Maryland Drive
840,Chrisse,Fruser,cfrusernb@economist.com,Polygender,115.253.54.61,Training,798 Meadow Ridge Lane
841,Jo,Dumphy,jdumphync@hostgator.com,Non-binary,250.127.142.64,Research and Development,04584 Kropf Terrace
842,Darryl,Biss,dbissnd@java.com,Polygender,219.102.96.168,Human Resources,883 Rutledge Avenue
843,Ted,Cullrford,tcullrfordne@uol.com.br,Genderfluid,43.116.109.163,Engineering,5953 Ridgeview Junction
844,Ashley,Staddon,astaddonnf@fotki.com,Genderqueer,236.53.125.120,Product Management,52 Karstens Plaza
845,Esme,Saladin,esaladinng@people.com.cn,Bigender,121.67.177.8,Legal,00 Badeau Hill
846,Quill,Scandroot,qscandrootnh@senate.gov,Polygender,169.200.222.53,Services,95 Monica Circle
847,Reidar,Babcock,rbabcockni@oakley.com,Polygender,19.81.50.196,Sales,4548 Packers Drive
848,Raquela,Huggons,rhuggonsnj@odnoklassniki.ru,Female,209.200.172.135,Accounting,5602 Fordem Pass
849,Dorree,Mahy,dmahynk@photobucket.com,Polygender,22.42.207.177,Legal,4117 Florence Road
850,Charlean,McKeever,cmckeevernl@home.pl,Non-binary,171.13.67.154,Research and Development,40670 Drewry Hill
851,Miles,Nasi,mnasinm@hibu.com,Male,9.134.238.63,Business Development,795 Badeau Way
852,Ailyn,Scrowton,ascrowtonnn@com.com,Polygender,18.136.35.187,Human Resources,84 Lyons Road
853,Lester,Grinley,lgrinleyno@shinystat.com,Bigender,137.205.30.90,Legal,3783 Walton Drive
854,Hebert,Westwater,hwestwaternp@sakura.ne.jp,Polygender,190.173.54.81,Marketing,84427 Warner Center
855,Wallis,Brooke,wbrookenq@spotify.com,Polygender,220.13.27.227,Legal,009 Milwaukee Street
856,Glynn,Dory,gdorynr@hao123.com,Non-binary,210.85.5.99,Accounting,99 Anhalt Plaza
857,Fletcher,Mottershead,fmottersheadns@eventbrite.com,Male,129.82.108.131,Sales,2230 Packers Park
858,Hebert,Luchelli,hluchellint@wufoo.com,Male,205.18.221.57,Product Management,23 Main Point
859,Pavel,Maric,pmaricnu@cloudflare.com,Bigender,76.213.126.147,Training,08 Maple Hill
860,Padgett,Sellens,psellensnv@slate.com,Genderqueer,216.214.51.29,Legal,73 Bultman Alley
861,Klaus,Crookshank,kcrookshanknw@360.cn,Female,233.74.130.1,Business Development,7418 Rutledge Point
862,Esma,Rayman,eraymannx@upenn.edu,Agender,218.2.213.209,Research and Development,314 Glendale Crossing
863,Jacquenetta,Dameisele,jdameiseleny@ow.ly,Male,168.54.220.38,Business Development,6 Namekagon Trail
864,Lorene,Hubbins,lhubbinsnz@yale.edu,Genderqueer,147.5.183.251,Accounting,57229 Milwaukee Street
865,Tracie,Bergstrand,tbergstrando0@wikimedia.org,Genderqueer,140.195.70.30,Engineering,02390 Lakeland Place
866,Barry,Watkiss,bwatkisso1@cnn.com,Polygender,139.56.172.139,Human Resources,6382 Stephen Alley
867,Franky,Jeratt,fjeratto2@mapy.cz,Non-binary,151.164.51.83,Business Development,89216 Talmadge Junction
868,West,Gregori,wgregorio3@comsenz.com,Female,58.13.34.35,Sales,958 Independence Hill
869,Marylee,Clubbe,mclubbeo4@histats.com,Agender,196.67.137.213,Business Development,3002 4th Plaza
870,Ashley,Wise,awiseo5@ftc.gov,Male,205.135.221.131,Human Resources,16654 Karstens Terrace
871,Natala,Pryke,nprykeo6@nba.com,Non-binary,69.35.158.133,Research and Development,83811 Dryden Avenue
872,Teodoor,Simoes,tsimoeso7@mlb.com,Non-binary,122.122.97.99,Accounting,58904 Messerschmidt Center
873,Janenna,Oxtaby,joxtabyo8@joomla.org,Polygender,35.212.66.62,Business Development,8602 Elgar Court
874,Raf,Binton,rbintono9@chicagotribune.com,Agender,145.96.82.153,Support,2 Annamark Drive
875,Damiano,Sandiland,dsandilandoa@dmoz.org,Female,2.19.26.24,Human Resources,568 Riverside Alley
876,Odelia,Ellick,oellickob@multiply.com,Male,165.65.191.17,Human Resources,00 Coleman Road
877,Belicia,Daymont,bdaymontoc@noaa.gov,Polygender,159.196.105.141,Support,9486 Moland Lane
878,Reinhold,Shreeves,rshreevesod@deliciousdays.com,Non-binary,187.210.224.239,Training,0861 Chive Center
879,Klemens,Larkkem,klarkkemoe@techcrunch.com,Genderqueer,230.134.171.12,Training,885 Dwight Circle
880,Zacharias,Boutwell,zboutwellof@dropbox.com,Bigender,76.219.219.241,Research and Development,0261 Northview Circle
881,Maxine,Tickner,mticknerog@timesonline.co.uk,Polygender,30.251.68.249,Engineering,366 Esch Point
882,Johan,Foux,jfouxoh@webmd.com,Male,179.63.142.161,Business Development,4 Havey Way
883,Mayne,Rowston,mrowstonoi@i2i.jp,Genderqueer,126.58.210.232,Support,69546 Thackeray Way
884,Rocky,Janauschek,rjanauschekoj@gmpg.org,Female,243.86.167.123,Training,1472 Summer Ridge Circle
885,Ulises,Rives,urivesok@t-online.de,Polygender,9.247.203.115,Legal,3023 Northridge Terrace
886,Brenden,Jorcke,bjorckeol@xinhuanet.com,Female,172.69.167.70,Human Resources,8306 Shelley Lane
887,Teddie,Kilfeder,tkilfederom@printfriendly.com,Genderfluid,252.195.255.23,Business Development,40108 Veith Alley
888,Robbyn,Bogays,rbogayson@issuu.com,Genderfluid,189.28.170.172,Product Management,92 West Drive
889,Audrey,Tabard,atabardoo@adobe.com,Bigender,74.36.202.20,Training,2856 Monument Road
890,Janifer,Churn,jchurnop@jigsy.com,Genderqueer,104.99.26.197,Product Management,7384 International Parkway
891,Winnifred,Sultan,wsultanoq@yandex.ru,Female,34.149.33.241,Product Management,6915 4th Plaza
892,Joni,De Vile,jdevileor@go.com,Bigender,92.191.212.163,Services,7796 Redwing Place
893,Dave,Feare,dfeareos@wordpress.org,Female,234.5.91.105,Legal,44 Service Junction
894,April,Ryves,aryvesot@wsj.com,Male,237.57.59.118,Accounting,20 Dakota Road
895,Kattie,Massot,kmassotou@ca.gov,Female,60.164.72.66,Legal,073 Onsgard Lane
896,Welch,Kenworthey,wkenwortheyov@sohu.com,Agender,81.204.95.52,Sales,93 Carpenter Way
897,Matthieu,Gianullo,mgianulloow@yelp.com,Non-binary,145.37.6.223,Business Development,9 Lotheville Circle
898,Corie,Risebarer,crisebarerox@trellian.com,Male,4.154.172.79,Product Management,8 East Street
899,Jeanette,Roskam,jroskamoy@seattletimes.com,Genderfluid,118.63.218.53,Sales,44716 Mariners Cove Parkway
900,Quintus,Sailer,qsaileroz@mozilla.org,Polygender,223.10.188.159,Services,0 Vidon Avenue
901,Harriot,MacComiskey,hmaccomiskeyp0@hatena.ne.jp,Bigender,73.195.244.250,Services,1 Warrior Court
902,Lauraine,Zanicchi,lzanicchip1@sbwire.com,Polygender,102.218.127.143,Legal,78049 Judy Crossing
903,Holden,Glasscoo,hglasscoop2@princeton.edu,Bigender,33.76.94.40,Legal,24 Anderson Street
904,Reagen,Potteridge,rpotteridgep3@marriott.com,Genderqueer,177.26.121.49,Engineering,8 Carioca Trail
905,Robert,Rustman,rrustmanp4@list-manage.com,Agender,80.224.89.0,Engineering,23 Continental Hill
906,Neils,Ceschi,nceschip5@gizmodo.com,Bigender,16.173.79.170,Engineering,01 Milwaukee Drive
907,Marsh,Tollerfield,mtollerfieldp6@ed.gov,Female,52.106.107.135,Human Resources,1911 Sachtjen Road
908,Diannne,Bonifas,dbonifasp7@com.com,Genderfluid,119.158.68.153,Research and Development,40198 Red Cloud Trail
909,Sigfried,Grastye,sgrastyep8@so-net.ne.jp,Genderqueer,129.174.66.96,Services,8 Old Gate Drive
910,Gran,Caird,gcairdp9@google.de,Female,137.161.31.77,Training,4908 Algoma Trail
911,Marion,Silverwood,msilverwoodpa@noaa.gov,Genderqueer,145.174.163.66,Business Development,26784 Coolidge Avenue
912,Colette,Headingham,cheadinghampb@usgs.gov,Female,250.119.199.16,Support,4258 New Castle Center
913,Vida,Dulieu,vdulieupc@storify.com,Female,216.145.9.164,Sales,539 Weeping Birch Junction
914,Theodosia,Braemer,tbraemerpd@hatena.ne.jp,Bigender,204.181.121.103,Services,9466 Mitchell Terrace
915,Leone,Iacomo,liacomope@washington.edu,Bigender,196.218.149.234,Business Development,0 Moose Court
916,Valdemar,Attride,vattridepf@plala.or.jp,Agender,53.67.71.242,Legal,0363 Pawling Junction
917,Cordell,Bellis,cbellispg@wikia.com,Genderqueer,178.246.18.85,Services,8 Heath Road
918,Audrie,Perel,aperelph@xrea.com,Genderfluid,134.37.183.230,Legal,6458 Hauk Alley
919,Wini,Codrington,wcodringtonpi@tripod.com,Agender,110.246.42.41,Legal,4 Mallory Avenue
920,Mada,Darke,mdarkepj@a8.net,Agender,47.244.207.196,Business Development,06 Marcy Park
921,Eddi,Reyner,ereynerpk@joomla.org,Polygender,100.172.160.72,Engineering,3 Fisk Center
922,Wakefield,Izhakov,wizhakovpl@nifty.com,Genderqueer,4.248.154.128,Training,3 Alpine Terrace
923,Percy,Mongenot,pmongenotpm@people.com.cn,Genderqueer,128.175.229.193,Accounting,2758 Valley Edge Court
924,Arny,Andreoletti,aandreolettipn@nydailynews.com,Male,93.218.5.82,Legal,002 Carberry Place
925,Elnore,Barizeret,ebarizeretpo@hubpages.com,Non-binary,224.16.248.157,Marketing,68385 School Alley
926,Zak,Madgewick,zmadgewickpp@epa.gov,Bigender,190.118.123.225,Engineering,963 Crownhardt Road
927,Simmonds,Blind,sblindpq@weather.com,Non-binary,35.160.28.139,Accounting,505 Blaine Park
928,Bella,Profit,bprofitpr@photobucket.com,Bigender,87.161.77.82,Legal,668 Warner Pass
929,Anthiathia,Beiderbeck,abeiderbeckps@github.io,Agender,91.159.181.70,Business Development,14 Garrison Pass
930,Kayla,Seers,kseerspt@slate.com,Non-binary,53.23.108.72,Accounting,13051 Scott Place
931,Chrystal,Tunnah,ctunnahpu@cbc.ca,Genderfluid,122.48.9.48,Marketing,859 Corben Court
932,Gawain,Ballinger,gballingerpv@google.es,Genderfluid,75.15.208.214,Business Development,451 Bunting Road
933,Orazio,Durward,odurwardpw@mapy.cz,Agender,9.153.149.91,Product Management,2 Lunder Junction
934,Bill,Faulkner,bfaulknerpx@wp.com,Female,238.80.246.101,Human Resources,606 Valley Edge Plaza
935,Wendeline,Grieswood,wgrieswoodpy@friendfeed.com,Bigender,9.68.137.237,Accounting,923 Mockingbird Center
936,Kayne,Hutt,khuttpz@livejournal.com,Polygender,163.223.38.80,Accounting,9 Fair Oaks Place
937,Laurette,Ferreo,lferreoq0@ow.ly,Bigender,246.0.67.32,Services,9922 Bartillon Pass
938,Mackenzie,Hollyland,mhollylandq1@microsoft.com,Bigender,165.179.134.221,Support,35993 Fulton Crossing
939,Mano,Ciccottini,mciccottiniq2@arstechnica.com,Polygender,155.153.78.153,Sales,5974 Ridge Oak Street
940,Berthe,Hatchman,bhatchmanq3@free.fr,Genderqueer,96.115.101.81,Support,37435 Center Road
941,Marlie,Welbrock,mwelbrockq4@scribd.com,Genderqueer,98.34.12.20,Engineering,5 Bluestem Avenue
942,Stavros,Simacek,ssimacekq5@theguardian.com,Male,205.133.0.120,Support,3 Hollow Ridge Lane
943,Lorens,Peers,lpeersq6@privacy.gov.au,Non-binary,23.6.149.67,Marketing,51 Judy Lane
944,Lydie,Ebunoluwa,lebunoluwaq7@scientificamerican.com,Genderfluid,233.48.22.136,Marketing,2 Carioca Center
945,Livia,Garlee,lgarleeq8@opera.com,Agender,68.32.172.87,Research and Development,49363 Gulseth Pass
946,Meryl,Bothe,mbotheq9@webnode.com,Genderfluid,51.39.106.232,Human Resources,4392 Schmedeman Place
947,Pauli,Drews,pdrewsqa@ftc.gov,Genderqueer,207.182.31.155,Marketing,3338 Stuart Plaza
948,Cherida,Serman,csermanqb@multiply.com,Male,148.154.179.114,Support,5384 West Avenue
949,Daron,Schiementz,dschiementzqc@shutterfly.com,Male,68.143.38.205,Training,645 Logan Center
950,Cob,Jillard,cjillardqd@whitehouse.gov,Polygender,89.64.6.9,Human Resources,5 Johnson Park
951,Yorgos,Wrigglesworth,ywrigglesworthqe@tamu.edu,Genderqueer,190.205.200.124,Sales,4 Waxwing Pass
952,Piggy,Goodread,pgoodreadqf@ucoz.ru,Non-binary,176.82.219.232,Services,32 Kedzie Alley
953,Kelbee,Sergent,ksergentqg@sun.com,Agender,167.128.247.39,Support,5 Hauk Crossing
954,Fredericka,Derricoat,fderricoatqh@oakley.com,Male,153.72.35.49,Training,113 Duke Street
955,Bobbee,Matissoff,bmatissoffqi@dropbox.com,Non-binary,208.148.177.56,Engineering,25 North Crossing
956,Fawne,Ayres,fayresqj@t-online.de,Genderfluid,180.80.213.210,Services,732 Tennessee Center
957,Flor,Kitto,fkittoqk@ftc.gov,Agender,171.255.199.29,Marketing,5 Longview Drive
958,Emalia,Antonias,eantoniasql@webmd.com,Genderqueer,108.157.178.125,Services,2 Harbort Drive
959,Maxie,Fonte,mfonteqm@g.co,Genderqueer,171.203.217.79,Human Resources,80643 Hollow Ridge Avenue
960,Dominique,Lowen,dlowenqn@acquirethisname.com,Genderqueer,73.236.253.192,Marketing,98 La Follette Trail
961,Dulcea,Fetters,dfettersqo@de.vu,Genderfluid,224.110.236.235,Accounting,1881 Reinke Drive
962,Aurelea,Buy,abuyqp@quantcast.com,Polygender,78.148.246.120,Support,56 Pankratz Pass
963,Abran,Pawellek,apawellekqq@goodreads.com,Agender,103.71.3.183,Human Resources,470 Nobel Center
964,Oriana,Gillie,ogillieqr@ycombinator.com,Genderfluid,80.232.4.40,Sales,15 Havey Point
965,Lura,Beesey,lbeeseyqs@netvibes.com,Female,200.47.112.132,Engineering,578 Warner Center
966,Tommi,Chesser,tchesserqt@hexun.com,Bigender,131.43.58.8,Accounting,160 Rieder Lane
967,Mara,Codman,mcodmanqu@fc2.com,Polygender,227.64.85.192,Legal,36822 West Drive
968,Hillier,Launder,hlaunderqv@plala.or.jp,Female,20.181.38.205,Sales,0 Westport Plaza
969,Gradeigh,Spenley,gspenleyqw@wikimedia.org,Female,7.116.170.202,Support,3735 Muir Avenue
970,Clio,Purselowe,cpurseloweqx@ifeng.com,Genderqueer,151.20.97.228,Business Development,4 Dryden Terrace
971,Umberto,Mulrenan,umulrenanqy@com.com,Genderqueer,75.56.75.62,Human Resources,7 Dunning Park
972,Rudolfo,Kelcey,rkelceyqz@hao123.com,Genderqueer,167.5.187.11,Services,812 8th Way
973,Nils,Meere,nmeerer0@mac.com,Agender,221.235.162.231,Engineering,958 Schiller Center
974,Lisabeth,Taggerty,ltaggertyr1@weebly.com,Agender,95.120.103.128,Accounting,27 Maywood Place
975,Tybalt,Bollands,tbollandsr2@buzzfeed.com,Male,43.235.243.187,Business Development,97916 Lukken Hill
976,Mallory,MacElroy,mmacelroyr3@dailymotion.com,Male,102.49.230.131,Research and Development,38238 Linden Center
977,Anabella,Bredgeland,abredgelandr4@hexun.com,Genderfluid,222.74.95.101,Services,2772 Linden Drive
978,Carley,Fakes,cfakesr5@webnode.com,Polygender,194.107.82.16,Business Development,04 Ludington Avenue
979,Tiertza,Sturrock,tsturrockr6@yandex.ru,Non-binary,15.0.80.108,Sales,740 Memorial Center
980,Padriac,Delnevo,pdelnevor7@google.nl,Bigender,139.175.229.53,Services,40 Main Alley
981,Port,Sor,psorr8@google.de,Male,48.132.119.92,Services,91 Arkansas Trail
982,Gery,Pavel,gpavelr9@kickstarter.com,Non-binary,206.181.32.193,Accounting,444 Melody Avenue
983,Karlotte,Andras,kandrasra@oaic.gov.au,Non-binary,187.189.160.41,Marketing,679 Warner Lane
984,Kacey,Gyrgorcewicx,kgyrgorcewicxrb@sbwire.com,Female,133.241.152.50,Training,07279 Longview Place
985,Leeann,Kineton,lkinetonrc@msu.edu,Genderfluid,215.159.121.136,Research and Development,76 Katie Street
986,Dillon,Etherson,dethersonrd@bing.com,Genderqueer,143.249.238.131,Marketing,9 Hauk Alley
987,Reinhard,Philo,rphilore@sakura.ne.jp,Agender,25.57.226.174,Research and Development,574 Dawn Park
988,Candice,Rampage,crampagerf@youku.com,Female,122.151.105.149,Research and Development,846 Grayhawk Center
989,Jeralee,Bailey,jbaileyrg@paypal.com,Male,9.172.183.244,Product Management,34833 Nevada Park
990,Abbie,Barwood,abarwoodrh@pen.io,Non-binary,10.51.150.212,Marketing,7 Elmside Lane
991,Elyse,Lockhurst,elockhurstri@twitter.com,Male,155.121.104.36,Marketing,5 Crescent Oaks Crossing
992,Donella,Nevet,dnevetrj@furl.net,Male,22.115.121.194,Training,619 Mccormick Point
993,Patsy,Jaggi,pjaggirk@last.fm,Female,192.11.168.70,Research and Development,7474 Cardinal Road
994,Gibby,Peterson,gpetersonrl@mediafire.com,Bigender,186.79.121.222,Marketing,091 Forest Dale Avenue
995,Rurik,Spadelli,rspadellirm@washingtonpost.com,Bigender,69.215.76.2,Research and Development,51547 Buell Avenue
996,Federico,Iverson,fiversonrn@biglobe.ne.jp,Male,94.45.194.161,Business Development,634 Calypso Avenue
997,Nichole,Demangeon,ndemangeonro@howstuffworks.com,Male,9.121.196.206,Marketing,3 Red Cloud Way
998,Seamus,Saph,ssaphrp@wsj.com,Polygender,102.27.248.14,Training,6700 Oriole Lane
999,Zerk,Divis,zdivisrq@hud.gov,Male,2.86.85.12,Legal,685 Messerschmidt Lane
1000,Gayle,Guswell,gguswellrr@wix.com,Agender,115.111.71.77,Support,460 Mayfield Court